{
    "henryviii.txt": {
        "Word Count": 26548,
        "Single Construction Time (seconds)": 0.07961034774780273,
        "Overall Construction Time (seconds)": 0.07753634452819824,
        "Height": 9,
        "Average Depth": 4.72444011684518,
        "Insert Comparisons": 567470,
        "Search Comparisons": 242852,
        "Delete Comparisons": 91133,
        "Insertion NEW LIST WORD Times (milliseconds)": 2.86102294921875,
        "Total Deletion Time (seconds)": 0.04684281349182129
    },
    "twelfth_night.txt": {
        "Word Count": 21856,
        "Single Construction Time (seconds)": 0.07332301139831543,
        "Overall Construction Time (seconds)": 0.14580178260803223,
        "Height": 9,
        "Average Depth": 4.5239392759828725,
        "Insert Comparisons": 491391,
        "Search Comparisons": 191982,
        "Delete Comparisons": 90994,
        "Insertion NEW LIST WORD Times (milliseconds)": 3.0994415283203125,
        "Total Deletion Time (seconds)": 0.044832468032836914
    },
    "julius_caesar.txt": {
        "Word Count": 21167,
        "Single Construction Time (seconds)": 0.06141161918640137,
        "Overall Construction Time (seconds)": 0.212890625,
        "Height": 8,
        "Average Depth": 4.5682486350273,
        "Insert Comparisons": 492132,
        "Search Comparisons": 190163,
        "Delete Comparisons": 90374,
        "Insertion NEW LIST WORD Times (milliseconds)": 2.86102294921875,
        "Total Deletion Time (seconds)": 0.053373098373413086
    },
    "3henryvi.txt": {
        "Word Count": 26523,
        "Single Construction Time (seconds)": 0.0786898136138916,
        "Overall Construction Time (seconds)": 0.2985391616821289,
        "Height": 8,
        "Average Depth": 4.616259618601539,
        "Insert Comparisons": 567671,
        "Search Comparisons": 242521,
        "Delete Comparisons": 91311,
        "Insertion NEW LIST WORD Times (milliseconds)": 9.059906005859375,
        "Total Deletion Time (seconds)": 0.04456520080566406
    },
    "tempest.txt": {
        "Word Count": 17908,
        "Single Construction Time (seconds)": 0.052269935607910156,
        "Overall Construction Time (seconds)": 0.35737180709838867,
        "Height": 8,
        "Average Depth": 4.550996932515337,
        "Insert Comparisons": 446092,
        "Search Comparisons": 162133,
        "Delete Comparisons": 90739,
        "Insertion NEW LIST WORD Times (milliseconds)": 3.0994415283203125,
        "Total Deletion Time (seconds)": 0.04558610916137695
    },
    "cymbeline.txt": {
        "Word Count": 29789,
        "Single Construction Time (seconds)": 0.0878596305847168,
        "Overall Construction Time (seconds)": 0.4533090591430664,
        "Height": 9,
        "Average Depth": 4.766323978883023,
        "Insert Comparisons": 606059,
        "Search Comparisons": 270825,
        "Delete Comparisons": 91988,
        "Insertion NEW LIST WORD Times (milliseconds)": 2.86102294921875,
        "Total Deletion Time (seconds)": 0.04547309875488281
    },
    "coriolanus.txt": {
        "Word Count": 29919,
        "Single Construction Time (seconds)": 0.09082198143005371,
        "Overall Construction Time (seconds)": 0.5526180267333984,
        "Height": 9,
        "Average Depth": 4.746478873239437,
        "Insert Comparisons": 615537,
        "Search Comparisons": 275763,
        "Delete Comparisons": 92284,
        "Insertion NEW LIST WORD Times (milliseconds)": 4.0531158447265625,
        "Total Deletion Time (seconds)": 0.045873403549194336
    },
    "2henryiv.txt": {
        "Word Count": 28411,
        "Single Construction Time (seconds)": 0.08537530899047852,
        "Overall Construction Time (seconds)": 0.6491649150848389,
        "Height": 9,
        "Average Depth": 4.695515566980863,
        "Insert Comparisons": 590194,
        "Search Comparisons": 259995,
        "Delete Comparisons": 92181,
        "Insertion NEW LIST WORD Times (milliseconds)": 3.0994415283203125,
        "Total Deletion Time (seconds)": 0.04570150375366211
    },
    "pericles.txt": {
        "Word Count": 20042,
        "Single Construction Time (seconds)": 0.058114051818847656,
        "Overall Construction Time (seconds)": 0.7158746719360352,
        "Height": 8,
        "Average Depth": 4.605020302694721,
        "Insert Comparisons": 476061,
        "Search Comparisons": 181635,
        "Delete Comparisons": 91421,
        "Insertion NEW LIST WORD Times (milliseconds)": 3.0994415283203125,
        "Total Deletion Time (seconds)": 0.04646611213684082
    },
    "1henryvi.txt": {
        "Word Count": 23365,
        "Single Construction Time (seconds)": 0.06947803497314453,
        "Overall Construction Time (seconds)": 0.8080353736877441,
        "Height": 8,
        "Average Depth": 4.71310471524801,
        "Insert Comparisons": 526404,
        "Search Comparisons": 216157,
        "Delete Comparisons": 91532,
        "Insertion NEW LIST WORD Times (milliseconds)": 4.0531158447265625,
        "Total Deletion Time (seconds)": 0.04685497283935547
    },
    "henryv.txt": {
        "Word Count": 27948,
        "Single Construction Time (seconds)": 0.08311772346496582,
        "Overall Construction Time (seconds)": 0.9018490314483643,
        "Height": 9,
        "Average Depth": 4.739726027397261,
        "Insert Comparisons": 582403,
        "Search Comparisons": 256895,
        "Delete Comparisons": 93211,
        "Insertion NEW LIST WORD Times (milliseconds)": 3.0994415283203125,
        "Total Deletion Time (seconds)": 0.04590415954589844
    },
    "taming_shrew.txt": {
        "Word Count": 22559,
        "Single Construction Time (seconds)": 0.08176636695861816,
        "Overall Construction Time (seconds)": 0.9787836074829102,
        "Height": 8,
        "Average Depth": 4.543090638930163,
        "Insert Comparisons": 507633,
        "Search Comparisons": 202221,
        "Delete Comparisons": 91193,
        "Insertion NEW LIST WORD Times (milliseconds)": 3.0994415283203125,
        "Total Deletion Time (seconds)": 0.04535651206970215
    },
    "timon.txt": {
        "Word Count": 20152,
        "Single Construction Time (seconds)": 0.05911540985107422,
        "Overall Construction Time (seconds)": 1.0474770069122314,
        "Height": 9,
        "Average Depth": 4.6459694989106755,
        "Insert Comparisons": 478817,
        "Search Comparisons": 183473,
        "Delete Comparisons": 89974,
        "Insertion NEW LIST WORD Times (milliseconds)": 2.86102294921875,
        "Total Deletion Time (seconds)": 0.045171499252319336
    },
    "merry_wives.txt": {
        "Word Count": 24134,
        "Single Construction Time (seconds)": 0.06998944282531738,
        "Overall Construction Time (seconds)": 1.1301767826080322,
        "Height": 8,
        "Average Depth": 4.519494987003342,
        "Insert Comparisons": 526370,
        "Search Comparisons": 216293,
        "Delete Comparisons": 91025,
        "Insertion NEW LIST WORD Times (milliseconds)": 3.0994415283203125,
        "Total Deletion Time (seconds)": 0.045972585678100586
    },
    "othello.txt": {
        "Word Count": 28534,
        "Single Construction Time (seconds)": 0.08380651473999023,
        "Overall Construction Time (seconds)": 1.2265236377716064,
        "Height": 8,
        "Average Depth": 4.704269242754752,
        "Insert Comparisons": 586519,
        "Search Comparisons": 255960,
        "Delete Comparisons": 91977,
        "Insertion NEW LIST WORD Times (milliseconds)": 3.0994415283203125,
        "Total Deletion Time (seconds)": 0.045864105224609375
    },
    "john.txt": {
        "Word Count": 22182,
        "Single Construction Time (seconds)": 0.06497621536254883,
        "Overall Construction Time (seconds)": 1.3042609691619873,
        "Height": 9,
        "Average Depth": 4.6591823056300266,
        "Insert Comparisons": 503897,
        "Search Comparisons": 201868,
        "Delete Comparisons": 91535,