{
    "henryviii.txt": {
        "Word Count": 26548,
        "Construction Time (seconds)": 0.15880608558654785,
        "Height": 9,
        "Average Depth": 4.645336552973136,
        "Insert Comparisons": 532832,
        "Search Comparisons": 242852,
        "Delete Comparisons": 142140,
        "Insertion NEW LIST WORD Times (milliseconds)": 2.1457672119140625
    },
    "twelfth_night.txt": {
        "Word Count": 21856,
        "Construction Time (seconds)": 0.1321699619293213,
        "Height": 9,
        "Average Depth": 4.455642299503194,
        "Insert Comparisons": 456617,
        "Search Comparisons": 191982,
        "Delete Comparisons": 142176,
        "Insertion NEW LIST WORD Times (milliseconds)": 1.9073486328125
    },
    "julius_caesar.txt": {
        "Word Count": 21167,
        "Construction Time (seconds)": 0.1376969814300537,
        "Height": 8,
        "Average Depth": 4.475019215987702,
        "Insert Comparisons": 457509,
        "Search Comparisons": 190163,
        "Delete Comparisons": 142102,
        "Insertion NEW LIST WORD Times (milliseconds)": 3.0994415283203125
    },
    "3henryvi.txt": {
        "Word Count": 26523,
        "Construction Time (seconds)": 0.1666259765625,
        "Height": 8,
        "Average Depth": 4.562326869806094,
        "Insert Comparisons": 532988,
        "Search Comparisons": 242521,
        "Delete Comparisons": 142196,
        "Insertion NEW LIST WORD Times (milliseconds)": 2.86102294921875
    },
    "tempest.txt": {
        "Word Count": 17908,
        "Construction Time (seconds)": 0.11228299140930176,
        "Height": 8,
        "Average Depth": 4.4633807705657755,
        "Insert Comparisons": 411425,
        "Search Comparisons": 162133,
        "Delete Comparisons": 142188,
        "Insertion NEW LIST WORD Times (milliseconds)": 2.1457672119140625
    },
    "cymbeline.txt": {
        "Word Count": 29789,
        "Construction Time (seconds)": 0.19551372528076172,
        "Height": 9,
        "Average Depth": 4.697553357626236,
        "Insert Comparisons": 571411,
        "Search Comparisons": 270825,
        "Delete Comparisons": 142248,
        "Insertion NEW LIST WORD Times (milliseconds)": 3.0994415283203125
    },
    "coriolanus.txt": {
        "Word Count": 29919,
        "Construction Time (seconds)": 0.18847990036010742,
        "Height": 9,
        "Average Depth": 4.660567995630803,
        "Insert Comparisons": 580840,
        "Search Comparisons": 275763,
        "Delete Comparisons": 142232,
        "Insertion NEW LIST WORD Times (milliseconds)": 1.9073486328125
    },
    "2henryiv.txt": {
        "Word Count": 28411,
        "Construction Time (seconds)": 0.17944908142089844,
        "Height": 9,
        "Average Depth": 4.631985098456626,
        "Insert Comparisons": 555408,
        "Search Comparisons": 259995,
        "Delete Comparisons": 142237,
        "Insertion NEW LIST WORD Times (milliseconds)": 2.1457672119140625
    },
    "pericles.txt": {
        "Word Count": 20042,
        "Construction Time (seconds)": 0.13145232200622559,
        "Height": 8,
        "Average Depth": 4.517990495587237,
        "Insert Comparisons": 441325,
        "Search Comparisons": 181635,
        "Delete Comparisons": 142157,
        "Insertion NEW LIST WORD Times (milliseconds)": 1.9073486328125
    },
    "1henryvi.txt": {
        "Word Count": 23365,
        "Construction Time (seconds)": 0.1659839153289795,
        "Height": 8,
        "Average Depth": 4.631608707944586,
        "Insert Comparisons": 491669,
        "Search Comparisons": 216157,
        "Delete Comparisons": 142234,
        "Insertion NEW LIST WORD Times (milliseconds)": 1.9073486328125
    },
    "henryv.txt": {
        "Word Count": 27948,
        "Construction Time (seconds)": 0.17694687843322754,
        "Height": 9,
        "Average Depth": 4.65832531280077,
        "Insert Comparisons": 547478,
        "Search Comparisons": 256895,
        "Delete Comparisons": 142337,
        "Insertion NEW LIST WORD Times (milliseconds)": 2.1457672119140625
    },
    "taming_shrew.txt": {
        "Word Count": 22559,
        "Construction Time (seconds)": 0.14195799827575684,
        "Height": 8,
        "Average Depth": 4.467188031281877,
        "Insert Comparisons": 472912,
        "Search Comparisons": 202221,
        "Delete Comparisons": 142128,
        "Insertion NEW LIST WORD Times (milliseconds)": 1.9073486328125
    },
    "timon.txt": {
        "Word Count": 20152,
        "Construction Time (seconds)": 0.12843799591064453,
        "Height": 9,
        "Average Depth": 4.554661301140174,
        "Insert Comparisons": 444189,
        "Search Comparisons": 183473,
        "Delete Comparisons": 142140,
        "Insertion NEW LIST WORD Times (milliseconds)": 2.86102294921875
    },
    "merry_wives.txt": {
        "Word Count": 24134,
        "Construction Time (seconds)": 0.1498088836669922,
        "Height": 8,
        "Average Depth": 4.439106901217862,
        "Insert Comparisons": 491661,
        "Search Comparisons": 216293,
        "Delete Comparisons": 142231,
        "Insertion NEW LIST WORD Times (milliseconds)": 3.0994415283203125
    },
    "othello.txt": {
        "Word Count": 28534,
        "Construction Time (seconds)": 0.17847013473510742,
        "Height": 8,
        "Average Depth": 4.630497685185185,
        "Insert Comparisons": 551823,
        "Search Comparisons": 255960,
        "Delete Comparisons": 142200,
        "Insertion NEW LIST WORD Times (milliseconds)": 2.1457672119140625
    },
    "john.txt": {
        "Word Count": 22182,
        "Construction Time (seconds)": 0.1403641700744629,
        "Height": 9,
        "Average Depth": 4.583977729662852,
        "Insert Comparisons": 469159,
        "Search Comparisons": 201868,
        "Delete Comparisons": 142155,
        "Insertion NEW LIST WORD Times (milliseconds)": 1.9073486328125
    },
    "richardii.txt": {
        "Word Count": 24392,
        "Construction Time (seconds)": 0.15502381324768066,
        "Height": 8,
        "Average Depth": 4.61965039180229,
        "Insert Comparisons": 501583,
        "Search Comparisons": 222090,
        "Delete Comparisons": 142184,
        "Insertion NEW LIST WORD Times (milliseconds)": 2.86102294921875
    },
    "cleopatra.txt": {
        "Word Count": 27638,
        "Construction Time (seconds)": 0.19629883766174316,
        "Height": 8,
        "Average Depth": 4.623881431767338,
        "Insert Comparisons": 550360,
        "Search Comparisons": 255474,
        "Delete Comparisons": 142297,
        "Insertion NEW LIST WORD Times (milliseconds)": 2.86102294921875
    },
    "two_gentlemen.txt": {
        "Word Count": 18579,
        "Construction Time (seconds)": 0.11795496940612793,
        "Height": 8,
        "Average Depth": 4.473166734944694,
        "Insert Comparisons": 420698,
        "Search Comparisons": 166302,
        "Delete Comparisons": 142044,
        "Insertion NEW LIST WORD Times (milliseconds)": 4.0531158447265625
    },
    "midsummer.txt": {
        "Word Count": 17479,
        "Construction Time (seconds)": 0.11165308952331543,
        "Height": 8,
        "Average Depth": 4.420124862284245,
        "Insert Comparisons": 404950,
        "Search Comparisons": 157081,
        "Delete Comparisons": 142161,
        "Insertion NEW LIST WORD Times (milliseconds)": 1.9073486328125
    },
    "winters_tale.txt": {
        "Word Count": 26653,
        "Construction Time (seconds)": 0.16813302040100098,
        "Height": 8,
        "Average Depth": 4.628571428571429,
        "Insert Comparisons": 525993,
        "Search Comparisons": 239134,
        "Delete Comparisons": 142239,
        "Insertion NEW LIST WORD Times (milliseconds)": 3.0994415283203125
    },
    "titus.txt": {
        "Word Count": 22185,
        "Construction Time (seconds)": 0.14184808731079102,
        "Height": 8,
        "Average Depth": 4.555340432397547,