{
    "henryviii.txt": {
        "Word Count": 26548,
        "Single Construction Time (seconds)": 0.07863712310791016,
        "Overall Construction Time (seconds)": 0.07757258415222168,
        "Height": 9,
        "Average Depth": 4.645336552973136,
        "Insert Comparisons": 532832,
        "Search Comparisons": 242852,
        "Delete Comparisons": 142140,
        "Insertion NEW LIST WORD Times (milliseconds)": 2.86102294921875
    },
    "twelfth_night.txt": {
        "Word Count": 21856,
        "Single Construction Time (seconds)": 0.06103086471557617,
        "Overall Construction Time (seconds)": 0.14386487007141113,
        "Height": 9,
        "Average Depth": 4.455642299503194,
        "Insert Comparisons": 456617,
        "Search Comparisons": 191982,
        "Delete Comparisons": 142176,
        "Insertion NEW LIST WORD Times (milliseconds)": 3.0994415283203125
    },
    "julius_caesar.txt": {
        "Word Count": 21167,
        "Single Construction Time (seconds)": 0.06042361259460449,
        "Overall Construction Time (seconds)": 0.22026419639587402,
        "Height": 8,
        "Average Depth": 4.475019215987702,
        "Insert Comparisons": 457509,
        "Search Comparisons": 190163,
        "Delete Comparisons": 142102,
        "Insertion NEW LIST WORD Times (milliseconds)": 2.86102294921875
    },
    "3henryvi.txt": {
        "Word Count": 26523,
        "Single Construction Time (seconds)": 0.07876944541931152,
        "Overall Construction Time (seconds)": 0.3064596652984619,
        "Height": 8,
        "Average Depth": 4.562326869806094,
        "Insert Comparisons": 532988,
        "Search Comparisons": 242521,
        "Delete Comparisons": 142196,
        "Insertion NEW LIST WORD Times (milliseconds)": 3.0994415283203125
    },
    "tempest.txt": {
        "Word Count": 17908,
        "Single Construction Time (seconds)": 0.06529784202575684,
        "Overall Construction Time (seconds)": 0.3813059329986572,
        "Height": 8,
        "Average Depth": 4.4633807705657755,
        "Insert Comparisons": 411425,
        "Search Comparisons": 162133,
        "Delete Comparisons": 142188,
        "Insertion NEW LIST WORD Times (milliseconds)": 1.6689300537109375
    },
    "cymbeline.txt": {
        "Word Count": 29789,
        "Single Construction Time (seconds)": 0.10170459747314453,
        "Overall Construction Time (seconds)": 0.4789602756500244,
        "Height": 9,
        "Average Depth": 4.697553357626236,
        "Insert Comparisons": 571411,
        "Search Comparisons": 270825,
        "Delete Comparisons": 142248,
        "Insertion NEW LIST WORD Times (milliseconds)": 3.0994415283203125
    },
    "coriolanus.txt": {
        "Word Count": 29919,
        "Single Construction Time (seconds)": 0.09018063545227051,
        "Overall Construction Time (seconds)": 0.5784482955932617,
        "Height": 9,
        "Average Depth": 4.660567995630803,
        "Insert Comparisons": 580840,
        "Search Comparisons": 275763,
        "Delete Comparisons": 142232,
        "Insertion NEW LIST WORD Times (milliseconds)": 2.86102294921875
    },
    "2henryiv.txt": {
        "Word Count": 28411,
        "Single Construction Time (seconds)": 0.11997556686401367,
        "Overall Construction Time (seconds)": 0.7189249992370605,
        "Height": 9,
        "Average Depth": 4.631985098456626,
        "Insert Comparisons": 555408,
        "Search Comparisons": 259995,
        "Delete Comparisons": 142237,
        "Insertion NEW LIST WORD Times (milliseconds)": 3.0994415283203125
    },
    "pericles.txt": {
        "Word Count": 20042,
        "Single Construction Time (seconds)": 0.09323930740356445,
        "Overall Construction Time (seconds)": 0.8277802467346191,
        "Height": 8,
        "Average Depth": 4.517990495587237,
        "Insert Comparisons": 441325,
        "Search Comparisons": 181635,
        "Delete Comparisons": 142157,
        "Insertion NEW LIST WORD Times (milliseconds)": 2.1457672119140625
    },
    "1henryvi.txt": {
        "Word Count": 23365,
        "Single Construction Time (seconds)": 0.08350491523742676,
        "Overall Construction Time (seconds)": 0.9062108993530273,
        "Height": 8,
        "Average Depth": 4.631608707944586,
        "Insert Comparisons": 491669,
        "Search Comparisons": 216157,
        "Delete Comparisons": 142234,
        "Insertion NEW LIST WORD Times (milliseconds)": 3.0994415283203125
    },
    "henryv.txt": {
        "Word Count": 27948,
        "Single Construction Time (seconds)": 0.08292245864868164,
        "Overall Construction Time (seconds)": 0.9998488426208496,
        "Height": 9,
        "Average Depth": 4.65832531280077,
        "Insert Comparisons": 547478,
        "Search Comparisons": 256895,
        "Delete Comparisons": 142337,
        "Insertion NEW LIST WORD Times (milliseconds)": 1.9073486328125
    },
    "taming_shrew.txt": {
        "Word Count": 22559,
        "Single Construction Time (seconds)": 0.07946395874023438,
        "Overall Construction Time (seconds)": 1.0878865718841553,
        "Height": 8,
        "Average Depth": 4.467188031281877,
        "Insert Comparisons": 472912,
        "Search Comparisons": 202221,
        "Delete Comparisons": 142128,
        "Insertion NEW LIST WORD Times (milliseconds)": 3.0994415283203125
    },
    "timon.txt": {
        "Word Count": 20152,
        "Single Construction Time (seconds)": 0.0582118034362793,
        "Overall Construction Time (seconds)": 1.1573505401611328,
        "Height": 9,
        "Average Depth": 4.554661301140174,
        "Insert Comparisons": 444189,
        "Search Comparisons": 183473,
        "Delete Comparisons": 142140,
        "Insertion NEW LIST WORD Times (milliseconds)": 2.86102294921875
    },
    "merry_wives.txt": {
        "Word Count": 24134,
        "Single Construction Time (seconds)": 0.06772947311401367,
        "Overall Construction Time (seconds)": 1.2359695434570312,
        "Height": 8,
        "Average Depth": 4.439106901217862,
        "Insert Comparisons": 491661,
        "Search Comparisons": 216293,
        "Delete Comparisons": 142231,
        "Insertion NEW LIST WORD Times (milliseconds)": 3.0994415283203125
    },
    "othello.txt": {
        "Word Count": 28534,
        "Single Construction Time (seconds)": 0.08235788345336914,
        "Overall Construction Time (seconds)": 1.3304462432861328,
        "Height": 8,
        "Average Depth": 4.630497685185185,
        "Insert Comparisons": 551823,
        "Search Comparisons": 255960,
        "Delete Comparisons": 142200,
        "Insertion NEW LIST WORD Times (milliseconds)": 3.0994415283203125
    },
    "john.txt": {
        "Word Count": 22182,
        "Single Construction Time (seconds)": 0.06293320655822754,
        "Overall Construction Time (seconds)": 1.4072961807250977,
        "Height": 9,
        "Average Depth": 4.583977729662852,
        "Insert Comparisons": 469159,
        "Search Comparisons": 201868,
        "Delete Comparisons": 142155,
        "Insertion NEW LIST WORD Times (milliseconds)": 1.6689300537109375
    },
    "richardii.txt": {
        "Word Count": 24392,
        "Single Construction Time (seconds)": 0.09096479415893555,
        "Overall Construction Time (seconds)": 1.5112712383270264,
        "Height": 8,
        "Average Depth": 4.61965039180229,
        "Insert Comparisons": 501583,
        "Search Comparisons": 222090,
        "Delete Comparisons": 142184,
        "Insertion NEW LIST WORD Times (milliseconds)": 19.311904907226562
    },
    "cleopatra.txt": {
        "Word Count": 27638,
        "Single Construction Time (seconds)": 0.09612321853637695,
        "Overall Construction Time (seconds)": 1.604402780532837,
        "Height": 8,
        "Average Depth": 4.623881431767338,
        "Insert Comparisons": 550360,
        "Search Comparisons": 255474,
        "Delete Comparisons": 142297,