{
    "henryviii.txt": {
        "Word Count": 26548,
        "Single Construction Time (seconds)": 0.0717623233795166,
        "Overall Construction Time (seconds)": 0.06998300552368164,
        "Height": 9,
        "Average Depth": 4.72444011684518,
        "Insert Comparisons": 378754,
        "Search Comparisons": 242852,
        "Delete Comparisons": 91133,
        "Insertion NEW LIST WORD Times (milliseconds)": 2.1457672119140625,
        "Total Deletion Time (seconds)": 0.045502662658691406
    },
    "twelfth_night.txt": {
        "Word Count": 21856,
        "Single Construction Time (seconds)": 0.06451797485351562,
        "Overall Construction Time (seconds)": 0.12954473495483398,
        "Height": 9,
        "Average Depth": 4.5239392759828725,
        "Insert Comparisons": 329781,
        "Search Comparisons": 191982,
        "Delete Comparisons": 90994,
        "Insertion NEW LIST WORD Times (milliseconds)": 2.86102294921875,
        "Total Deletion Time (seconds)": 0.04490017890930176
    },
    "julius_caesar.txt": {
        "Word Count": 21167,
        "Single Construction Time (seconds)": 0.055200815200805664,
        "Overall Construction Time (seconds)": 0.1889955997467041,
        "Height": 8,
        "Average Depth": 4.5682486350273,
        "Insert Comparisons": 329139,
        "Search Comparisons": 190163,
        "Delete Comparisons": 90374,
        "Insertion NEW LIST WORD Times (milliseconds)": 3.0994415283203125,
        "Total Deletion Time (seconds)": 0.06105208396911621
    },
    "3henryvi.txt": {
        "Word Count": 26523,
        "Single Construction Time (seconds)": 0.07145214080810547,
        "Overall Construction Time (seconds)": 0.2669405937194824,
        "Height": 8,
        "Average Depth": 4.616259618601539,
        "Insert Comparisons": 378007,
        "Search Comparisons": 242521,
        "Delete Comparisons": 91311,
        "Insertion NEW LIST WORD Times (milliseconds)": 3.0994415283203125,
        "Total Deletion Time (seconds)": 0.04541134834289551
    },
    "tempest.txt": {
        "Word Count": 17908,
        "Single Construction Time (seconds)": 0.04762125015258789,
        "Overall Construction Time (seconds)": 0.3194921016693115,
        "Height": 8,
        "Average Depth": 4.550996932515337,
        "Insert Comparisons": 300340,
        "Search Comparisons": 162133,
        "Delete Comparisons": 90739,
        "Insertion NEW LIST WORD Times (milliseconds)": 3.0994415283203125,
        "Total Deletion Time (seconds)": 0.04550051689147949
    },
    "cymbeline.txt": {
        "Word Count": 29789,
        "Single Construction Time (seconds)": 0.07961559295654297,
        "Overall Construction Time (seconds)": 0.40735387802124023,
        "Height": 9,
        "Average Depth": 4.766323978883023,
        "Insert Comparisons": 403674,
        "Search Comparisons": 270825,
        "Delete Comparisons": 91988,
        "Insertion NEW LIST WORD Times (milliseconds)": 3.0994415283203125,
        "Total Deletion Time (seconds)": 0.04603433609008789
    },
    "coriolanus.txt": {
        "Word Count": 29919,
        "Single Construction Time (seconds)": 0.08287215232849121,
        "Overall Construction Time (seconds)": 0.49741291999816895,
        "Height": 9,
        "Average Depth": 4.746478873239437,
        "Insert Comparisons": 409705,
        "Search Comparisons": 275763,
        "Delete Comparisons": 92284,
        "Insertion NEW LIST WORD Times (milliseconds)": 3.0994415283203125,
        "Total Deletion Time (seconds)": 0.04660534858703613
    },
    "2henryiv.txt": {
        "Word Count": 28411,
        "Single Construction Time (seconds)": 0.07837104797363281,
        "Overall Construction Time (seconds)": 0.5844340324401855,
        "Height": 9,
        "Average Depth": 4.695515566980863,
        "Insert Comparisons": 393643,
        "Search Comparisons": 259995,
        "Delete Comparisons": 92181,
        "Insertion NEW LIST WORD Times (milliseconds)": 3.0994415283203125,
        "Total Deletion Time (seconds)": 0.045870065689086914
    },
    "pericles.txt": {
        "Word Count": 20042,
        "Single Construction Time (seconds)": 0.052757978439331055,
        "Overall Construction Time (seconds)": 0.6446933746337891,
        "Height": 8,
        "Average Depth": 4.605020302694721,
        "Insert Comparisons": 319840,
        "Search Comparisons": 181635,
        "Delete Comparisons": 91421,
        "Insertion NEW LIST WORD Times (milliseconds)": 2.6226043701171875,
        "Total Deletion Time (seconds)": 0.04697442054748535
    },
    "1henryvi.txt": {
        "Word Count": 23365,
        "Single Construction Time (seconds)": 0.06306576728820801,
        "Overall Construction Time (seconds)": 0.7291693687438965,
        "Height": 8,
        "Average Depth": 4.71310471524801,
        "Insert Comparisons": 351675,
        "Search Comparisons": 216157,
        "Delete Comparisons": 91532,
        "Insertion NEW LIST WORD Times (milliseconds)": 3.0994415283203125,
        "Total Deletion Time (seconds)": 0.04713034629821777
    },
    "henryv.txt": {
        "Word Count": 27948,
        "Single Construction Time (seconds)": 0.07696747779846191,
        "Overall Construction Time (seconds)": 0.8162956237792969,
        "Height": 9,
        "Average Depth": 4.739726027397261,
        "Insert Comparisons": 389135,
        "Search Comparisons": 256895,
        "Delete Comparisons": 93211,
        "Insertion NEW LIST WORD Times (milliseconds)": 3.0994415283203125,
        "Total Deletion Time (seconds)": 0.04707813262939453
    },
    "taming_shrew.txt": {
        "Word Count": 22559,
        "Single Construction Time (seconds)": 0.07877302169799805,
        "Overall Construction Time (seconds)": 0.8865749835968018,
        "Height": 8,
        "Average Depth": 4.543090638930163,
        "Insert Comparisons": 339290,
        "Search Comparisons": 202221,
        "Delete Comparisons": 91193,
        "Insertion NEW LIST WORD Times (milliseconds)": 4.0531158447265625,
        "Total Deletion Time (seconds)": 0.04582834243774414
    },
    "timon.txt": {
        "Word Count": 20152,
        "Single Construction Time (seconds)": 0.054875850677490234,
        "Overall Construction Time (seconds)": 0.950432538986206,
        "Height": 9,
        "Average Depth": 4.6459694989106755,
        "Insert Comparisons": 321327,
        "Search Comparisons": 183473,
        "Delete Comparisons": 89974,
        "Insertion NEW LIST WORD Times (milliseconds)": 3.0994415283203125,
        "Total Deletion Time (seconds)": 0.04665374755859375
    },
    "merry_wives.txt": {
        "Word Count": 24134,
        "Single Construction Time (seconds)": 0.0648033618927002,
        "Overall Construction Time (seconds)": 1.025496006011963,
        "Height": 8,
        "Average Depth": 4.519494987003342,
        "Insert Comparisons": 351735,
        "Search Comparisons": 216293,
        "Delete Comparisons": 91025,
        "Insertion NEW LIST WORD Times (milliseconds)": 4.0531158447265625,
        "Total Deletion Time (seconds)": 0.046016693115234375
    },
    "othello.txt": {
        "Word Count": 28534,
        "Single Construction Time (seconds)": 0.07636404037475586,
        "Overall Construction Time (seconds)": 1.113743543624878,
        "Height": 8,
        "Average Depth": 4.704269242754752,
        "Insert Comparisons": 390857,
        "Search Comparisons": 255960,
        "Delete Comparisons": 91977,
        "Insertion NEW LIST WORD Times (milliseconds)": 2.6226043701171875,
        "Total Deletion Time (seconds)": 0.04695296287536621
    },
    "john.txt": {
        "Word Count": 22182,
        "Single Construction Time (seconds)": 0.05970931053161621,
        "Overall Construction Time (seconds)": 1.184645175933838,
        "Height": 9,
        "Average Depth": 4.6591823056300266,
        "Insert Comparisons": 337597,
        "Search Comparisons": 201868,
        "Delete Comparisons": 91535,