{
    "henryviii.txt": {
        "Word Count": 26548,
        "Single Construction Time (seconds)": 0.08268284797668457,
        "Overall Construction Time (seconds)": 0.08263969421386719,
        "Height": 9,
        "Average Depth": 4.723924380704042,
        "Insert Comparisons": 532832,
        "Search Comparisons": 242852,
        "Delete Comparisons": 220068,
        "Insertion NEW LIST WORD Times (milliseconds)": 3.0994415283203125,
        "Total Deletion Time (seconds)": 0.039960384368896484
    },
    "twelfth_night.txt": {
        "Word Count": 21856,
        "Single Construction Time (seconds)": 0.06981492042541504,
        "Overall Construction Time (seconds)": 0.1574869155883789,
        "Height": 9,
        "Average Depth": 4.545631825273011,
        "Insert Comparisons": 456617,
        "Search Comparisons": 191982,
        "Delete Comparisons": 219659,
        "Insertion NEW LIST WORD Times (milliseconds)": 3.0994415283203125,
        "Total Deletion Time (seconds)": 0.0504910945892334
    },
    "julius_caesar.txt": {
        "Word Count": 21167,
        "Single Construction Time (seconds)": 0.06879925727844238,
        "Overall Construction Time (seconds)": 0.233229398727417,
        "Height": 8,
        "Average Depth": 4.568710359408033,
        "Insert Comparisons": 457509,
        "Search Comparisons": 190163,
        "Delete Comparisons": 219355,
        "Insertion NEW LIST WORD Times (milliseconds)": 3.0994415283203125,
        "Total Deletion Time (seconds)": 0.049619197845458984
    },
    "3henryvi.txt": {
        "Word Count": 26523,
        "Single Construction Time (seconds)": 0.08831977844238281,
        "Overall Construction Time (seconds)": 0.3294808864593506,
        "Height": 8,
        "Average Depth": 4.634634634634635,
        "Insert Comparisons": 532988,
        "Search Comparisons": 242521,
        "Delete Comparisons": 219930,
        "Insertion NEW LIST WORD Times (milliseconds)": 2.86102294921875,
        "Total Deletion Time (seconds)": 0.05262351036071777
    },
    "tempest.txt": {
        "Word Count": 17908,
        "Single Construction Time (seconds)": 0.056218862533569336,
        "Overall Construction Time (seconds)": 0.3927493095397949,
        "Height": 8,
        "Average Depth": 4.555343511450381,
        "Insert Comparisons": 411425,
        "Search Comparisons": 162133,
        "Delete Comparisons": 220521,
        "Insertion NEW LIST WORD Times (milliseconds)": 3.0994415283203125,
        "Total Deletion Time (seconds)": 0.04082798957824707
    },
    "cymbeline.txt": {
        "Word Count": 29789,
        "Single Construction Time (seconds)": 0.09253597259521484,
        "Overall Construction Time (seconds)": 0.5092201232910156,
        "Height": 9,
        "Average Depth": 4.762423227247348,
        "Insert Comparisons": 571411,
        "Search Comparisons": 270825,
        "Delete Comparisons": 220594,
        "Insertion NEW LIST WORD Times (milliseconds)": 2.86102294921875,
        "Total Deletion Time (seconds)": 0.04081130027770996
    },
    "coriolanus.txt": {
        "Word Count": 29919,
        "Single Construction Time (seconds)": 0.09636306762695312,
        "Overall Construction Time (seconds)": 0.6172730922698975,
        "Height": 9,
        "Average Depth": 4.733548766157462,
        "Insert Comparisons": 580840,
        "Search Comparisons": 275763,
        "Delete Comparisons": 221609,
        "Insertion NEW LIST WORD Times (milliseconds)": 2.86102294921875,
        "Total Deletion Time (seconds)": 0.042284488677978516
    },
    "2henryiv.txt": {
        "Word Count": 28411,
        "Single Construction Time (seconds)": 0.09137296676635742,
        "Overall Construction Time (seconds)": 0.737008810043335,
        "Height": 9,
        "Average Depth": 4.698579545454545,
        "Insert Comparisons": 555408,
        "Search Comparisons": 259995,
        "Delete Comparisons": 220884,
        "Insertion NEW LIST WORD Times (milliseconds)": 3.0994415283203125,
        "Total Deletion Time (seconds)": 0.04056739807128906
    },
    "pericles.txt": {
        "Word Count": 20042,
        "Single Construction Time (seconds)": 0.061232566833496094,
        "Overall Construction Time (seconds)": 0.808741569519043,
        "Height": 8,
        "Average Depth": 4.60959409594096,
        "Insert Comparisons": 441325,
        "Search Comparisons": 181635,
        "Delete Comparisons": 219832,
        "Insertion NEW LIST WORD Times (milliseconds)": 3.0994415283203125,
        "Total Deletion Time (seconds)": 0.04065084457397461
    },
    "1henryvi.txt": {
        "Word Count": 23365,
        "Single Construction Time (seconds)": 0.07453036308288574,
        "Overall Construction Time (seconds)": 0.8945262432098389,
        "Height": 8,
        "Average Depth": 4.7158570119156735,
        "Insert Comparisons": 491669,
        "Search Comparisons": 216157,
        "Delete Comparisons": 220358,
        "Insertion NEW LIST WORD Times (milliseconds)": 3.0994415283203125,
        "Total Deletion Time (seconds)": 0.04076576232910156
    },
    "henryv.txt": {
        "Word Count": 27948,
        "Single Construction Time (seconds)": 0.08943653106689453,
        "Overall Construction Time (seconds)": 0.9960944652557373,
        "Height": 9,
        "Average Depth": 4.735573223903565,
        "Insert Comparisons": 547478,
        "Search Comparisons": 256895,
        "Delete Comparisons": 221697,
        "Insertion NEW LIST WORD Times (milliseconds)": 4.0531158447265625,
        "Total Deletion Time (seconds)": 0.04179215431213379
    },
    "taming_shrew.txt": {
        "Word Count": 22559,
        "Single Construction Time (seconds)": 0.07023382186889648,
        "Overall Construction Time (seconds)": 1.077242136001587,
        "Height": 8,
        "Average Depth": 4.538977993286087,
        "Insert Comparisons": 472912,
        "Search Comparisons": 202221,
        "Delete Comparisons": 220269,
        "Insertion NEW LIST WORD Times (milliseconds)": 3.0994415283203125,
        "Total Deletion Time (seconds)": 0.04105067253112793
    },
    "timon.txt": {
        "Word Count": 20152,
        "Single Construction Time (seconds)": 0.06400513648986816,
        "Overall Construction Time (seconds)": 1.1517412662506104,
        "Height": 9,
        "Average Depth": 4.639517896274653,
        "Insert Comparisons": 444189,
        "Search Comparisons": 183473,
        "Delete Comparisons": 218801,
        "Insertion NEW LIST WORD Times (milliseconds)": 2.86102294921875,
        "Total Deletion Time (seconds)": 0.0418546199798584
    },
    "merry_wives.txt": {
        "Word Count": 24134,
        "Single Construction Time (seconds)": 0.07480072975158691,
        "Overall Construction Time (seconds)": 1.2405200004577637,
        "Height": 8,
        "Average Depth": 4.529324972334932,
        "Insert Comparisons": 491661,
        "Search Comparisons": 216293,
        "Delete Comparisons": 220248,
        "Insertion NEW LIST WORD Times (milliseconds)": 2.86102294921875,
        "Total Deletion Time (seconds)": 0.059531450271606445
    },
    "othello.txt": {
        "Word Count": 28534,
        "Single Construction Time (seconds)": 0.08945417404174805,
        "Overall Construction Time (seconds)": 1.3438010215759277,
        "Height": 8,
        "Average Depth": 4.7071875,
        "Insert Comparisons": 551823,
        "Search Comparisons": 255960,
        "Delete Comparisons": 220579,
        "Insertion NEW LIST WORD Times (milliseconds)": 3.0994415283203125,
        "Total Deletion Time (seconds)": 0.041510820388793945
    },
    "john.txt": {
        "Word Count": 22182,
        "Single Construction Time (seconds)": 0.06997442245483398,
        "Overall Construction Time (seconds)": 1.4264094829559326,
        "Height": 9,
        "Average Depth": 4.664546367592902,
        "Insert Comparisons": 469159,
        "Search Comparisons": 201868,
        "Delete Comparisons": 220041,