{
    "henryviii.txt": {
        "Word Count": 26548,
        "Single Construction Time (seconds)": 0.07700562477111816,
        "Overall Construction Time (seconds)": 0.07675504684448242,
        "Height": 9,
        "Average Depth": 4.72444011684518,
        "Insert Comparisons": 567470,
        "Search Comparisons": 242852,
        "Delete Comparisons": 262630,
        "Insertion NEW LIST WORD Times (milliseconds)": 3.0994415283203125,
        "Total Deletion Time (seconds)": 0.044677734375
    },
    "twelfth_night.txt": {
        "Word Count": 21856,
        "Single Construction Time (seconds)": 0.0716257095336914,
        "Overall Construction Time (seconds)": 0.1436769962310791,
        "Height": 9,
        "Average Depth": 4.5239392759828725,
        "Insert Comparisons": 491391,
        "Search Comparisons": 191982,
        "Delete Comparisons": 262469,
        "Insertion NEW LIST WORD Times (milliseconds)": 6.9141387939453125,
        "Total Deletion Time (seconds)": 0.0436861515045166
    },
    "julius_caesar.txt": {
        "Word Count": 21167,
        "Single Construction Time (seconds)": 0.06021547317504883,
        "Overall Construction Time (seconds)": 0.2102336883544922,
        "Height": 8,
        "Average Depth": 4.5682486350273,
        "Insert Comparisons": 492132,
        "Search Comparisons": 190163,
        "Delete Comparisons": 261798,
        "Insertion NEW LIST WORD Times (milliseconds)": 4.0531158447265625,
        "Total Deletion Time (seconds)": 0.05300164222717285
    },
    "3henryvi.txt": {
        "Word Count": 26523,
        "Single Construction Time (seconds)": 0.07811164855957031,
        "Overall Construction Time (seconds)": 0.2944965362548828,
        "Height": 8,
        "Average Depth": 4.616259618601539,
        "Insert Comparisons": 567671,
        "Search Comparisons": 242521,
        "Delete Comparisons": 262848,
        "Insertion NEW LIST WORD Times (milliseconds)": 3.0994415283203125,
        "Total Deletion Time (seconds)": 0.04472804069519043
    },
    "tempest.txt": {
        "Word Count": 17908,
        "Single Construction Time (seconds)": 0.0515599250793457,
        "Overall Construction Time (seconds)": 0.35210680961608887,
        "Height": 8,
        "Average Depth": 4.550996932515337,
        "Insert Comparisons": 446092,
        "Search Comparisons": 162133,
        "Delete Comparisons": 262256,
        "Insertion NEW LIST WORD Times (milliseconds)": 2.86102294921875,
        "Total Deletion Time (seconds)": 0.044455528259277344
    },
    "cymbeline.txt": {
        "Word Count": 29789,
        "Single Construction Time (seconds)": 0.08549118041992188,
        "Overall Construction Time (seconds)": 0.44687461853027344,
        "Height": 9,
        "Average Depth": 4.766323978883023,
        "Insert Comparisons": 606059,
        "Search Comparisons": 270825,
        "Delete Comparisons": 263585,
        "Insertion NEW LIST WORD Times (milliseconds)": 3.0994415283203125,
        "Total Deletion Time (seconds)": 0.04506826400756836
    },
    "coriolanus.txt": {
        "Word Count": 29919,
        "Single Construction Time (seconds)": 0.0903313159942627,
        "Overall Construction Time (seconds)": 0.5458548069000244,
        "Height": 9,
        "Average Depth": 4.746478873239437,
        "Insert Comparisons": 615537,
        "Search Comparisons": 275763,
        "Delete Comparisons": 263882,
        "Insertion NEW LIST WORD Times (milliseconds)": 3.0994415283203125,
        "Total Deletion Time (seconds)": 0.04662036895751953
    },
    "2henryiv.txt": {
        "Word Count": 28411,
        "Single Construction Time (seconds)": 0.08402752876281738,
        "Overall Construction Time (seconds)": 0.6396746635437012,
        "Height": 9,
        "Average Depth": 4.695515566980863,
        "Insert Comparisons": 590194,
        "Search Comparisons": 259995,
        "Delete Comparisons": 263797,
        "Insertion NEW LIST WORD Times (milliseconds)": 2.86102294921875,
        "Total Deletion Time (seconds)": 0.04600048065185547
    },
    "pericles.txt": {
        "Word Count": 20042,
        "Single Construction Time (seconds)": 0.05784463882446289,
        "Overall Construction Time (seconds)": 0.7052950859069824,
        "Height": 8,
        "Average Depth": 4.605020302694721,
        "Insert Comparisons": 476061,
        "Search Comparisons": 181635,
        "Delete Comparisons": 262933,
        "Insertion NEW LIST WORD Times (milliseconds)": 3.0994415283203125,
        "Total Deletion Time (seconds)": 0.04584026336669922
    },
    "1henryvi.txt": {
        "Word Count": 23365,
        "Single Construction Time (seconds)": 0.06872940063476562,
        "Overall Construction Time (seconds)": 0.7961573600769043,
        "Height": 8,
        "Average Depth": 4.71310471524801,
        "Insert Comparisons": 526404,
        "Search Comparisons": 216157,
        "Delete Comparisons": 263083,
        "Insertion NEW LIST WORD Times (milliseconds)": 3.0994415283203125,
        "Total Deletion Time (seconds)": 0.04523324966430664
    },
    "henryv.txt": {
        "Word Count": 27948,
        "Single Construction Time (seconds)": 0.08269810676574707,
        "Overall Construction Time (seconds)": 0.8894152641296387,
        "Height": 9,
        "Average Depth": 4.739726027397261,
        "Insert Comparisons": 582403,
        "Search Comparisons": 256895,
        "Delete Comparisons": 264927,
        "Insertion NEW LIST WORD Times (milliseconds)": 2.86102294921875,
        "Total Deletion Time (seconds)": 0.04748797416687012
    },
    "taming_shrew.txt": {
        "Word Count": 22559,
        "Single Construction Time (seconds)": 0.07929754257202148,
        "Overall Construction Time (seconds)": 0.9643590450286865,
        "Height": 8,
        "Average Depth": 4.543090638930163,
        "Insert Comparisons": 507633,
        "Search Comparisons": 202221,
        "Delete Comparisons": 262701,
        "Insertion NEW LIST WORD Times (milliseconds)": 3.0994415283203125,
        "Total Deletion Time (seconds)": 0.04555082321166992
    },
    "timon.txt": {
        "Word Count": 20152,
        "Single Construction Time (seconds)": 0.05851125717163086,
        "Overall Construction Time (seconds)": 1.0324618816375732,
        "Height": 9,
        "Average Depth": 4.6459694989106755,
        "Insert Comparisons": 478817,
        "Search Comparisons": 183473,
        "Delete Comparisons": 261424,
        "Insertion NEW LIST WORD Times (milliseconds)": 3.0994415283203125,
        "Total Deletion Time (seconds)": 0.04542803764343262
    },
    "merry_wives.txt": {
        "Word Count": 24134,
        "Single Construction Time (seconds)": 0.06974148750305176,
        "Overall Construction Time (seconds)": 1.1134111881256104,
        "Height": 8,
        "Average Depth": 4.519494987003342,
        "Insert Comparisons": 526370,
        "Search Comparisons": 216293,
        "Delete Comparisons": 262598,
        "Insertion NEW LIST WORD Times (milliseconds)": 3.0994415283203125,
        "Total Deletion Time (seconds)": 0.04527783393859863
    },
    "othello.txt": {
        "Word Count": 28534,
        "Single Construction Time (seconds)": 0.08251667022705078,
        "Overall Construction Time (seconds)": 1.2077550888061523,
        "Height": 8,
        "Average Depth": 4.704269242754752,
        "Insert Comparisons": 586519,
        "Search Comparisons": 255960,
        "Delete Comparisons": 263517,
        "Insertion NEW LIST WORD Times (milliseconds)": 3.0994415283203125,
        "Total Deletion Time (seconds)": 0.046288251876831055
    },
    "john.txt": {
        "Word Count": 22182,
        "Single Construction Time (seconds)": 0.06395077705383301,
        "Overall Construction Time (seconds)": 1.2831172943115234,
        "Height": 9,
        "Average Depth": 4.6591823056300266,
        "Insert Comparisons": 503897,
        "Search Comparisons": 201868,
        "Delete Comparisons": 263075,