{
    "Total Word Count": 905534,
    "Total Construction Time (seconds)": 8.661661148071289,
    "Overall Height": 11,
    "Overall Average Depth": 5.645542753183748
}