{
    "Total Word Count": 905534,
    "Total Construction Time (seconds)": 2.674142837524414,
    "Overall Height": 11,
    "Overall Average Depth": 5.645542753183748
}