{
    "Total Word Count": 905534,
    "Total Construction Time (seconds)": 3.0717272758483887,
    "Overall Height": 11,
    "Overall Average Depth": 5.645542753183748
}