{
    "Total Word Count": 905534,
    "Total Construction Time (seconds)": 5.833166122436523,
    "Overall Height": 11,
    "Overall Average Depth": 5.645542753183748
}