{
    "Total Word Count": 905534,
    "Total Construction Time (seconds)": 2.7226924896240234,
    "Overall Height": 11,
    "Overall Average Depth": 5.645542753183748
}