{
    "Total Word Count": 905534,
    "Total Construction Time (seconds)": 5.799236059188843,
    "Overall Height": 11,
    "Overall Average Depth": 5.645542753183748
}