{
    "henryviii.txt": {
        "Word Count": 26548,
        "Single Construction Time (seconds)": 0.06523799896240234,
        "Overall Construction Time (seconds)": 0.0633535385131836,
        "Height": 27,
        "Average Depth": 13.921170498656315,
        "Insert Comparisons": 341261,
        "Search Comparisons": 265672,
        "Delete Comparisons": 267050,
        "Insertion NEW LIST WORD Times (milliseconds)": 4.0531158447265625
    },
    "twelfth_night.txt": {
        "Word Count": 21856,
        "Single Construction Time (seconds)": 0.05974531173706055,
        "Overall Construction Time (seconds)": 0.11715173721313477,
        "Height": 32,
        "Average Depth": 13.97241620111732,
        "Insert Comparisons": 328240,
        "Search Comparisons": 221785,
        "Delete Comparisons": 274035,
        "Insertion NEW LIST WORD Times (milliseconds)": 3.814697265625
    },
    "julius_caesar.txt": {
        "Word Count": 21167,
        "Single Construction Time (seconds)": 0.053485870361328125,
        "Overall Construction Time (seconds)": 0.16946840286254883,
        "Height": 27,
        "Average Depth": 13.317220543806647,
        "Insert Comparisons": 312104,
        "Search Comparisons": 208354,
        "Delete Comparisons": 272247,
        "Insertion NEW LIST WORD Times (milliseconds)": 3.0994415283203125
    },
    "3henryvi.txt": {
        "Word Count": 26523,
        "Single Construction Time (seconds)": 0.06936025619506836,
        "Overall Construction Time (seconds)": 0.23548054695129395,
        "Height": 30,
        "Average Depth": 14.133657351154314,
        "Insert Comparisons": 365843,
        "Search Comparisons": 280464,
        "Delete Comparisons": 277306,
        "Insertion NEW LIST WORD Times (milliseconds)": 4.0531158447265625
    },
    "tempest.txt": {
        "Word Count": 17908,
        "Single Construction Time (seconds)": 0.04711484909057617,
        "Overall Construction Time (seconds)": 0.2802863121032715,
        "Height": 28,
        "Average Depth": 13.756682659355723,
        "Insert Comparisons": 297098,
        "Search Comparisons": 180267,
        "Delete Comparisons": 272235,
        "Insertion NEW LIST WORD Times (milliseconds)": 3.814697265625
    },
    "cymbeline.txt": {
        "Word Count": 29789,
        "Single Construction Time (seconds)": 0.07668900489807129,
        "Overall Construction Time (seconds)": 0.3551216125488281,
        "Height": 27,
        "Average Depth": 13.23771546179573,
        "Insert Comparisons": 353855,
        "Search Comparisons": 290585,
        "Delete Comparisons": 266746,
        "Insertion NEW LIST WORD Times (milliseconds)": 3.814697265625
    },
    "coriolanus.txt": {
        "Word Count": 29919,
        "Single Construction Time (seconds)": 0.0850377082824707,
        "Overall Construction Time (seconds)": 0.4301443099975586,
        "Height": 26,
        "Average Depth": 13.271698113207547,
        "Insert Comparisons": 339906,
        "Search Comparisons": 282753,
        "Delete Comparisons": 263610,
        "Insertion NEW LIST WORD Times (milliseconds)": 3.814697265625
    },
    "2henryiv.txt": {
        "Word Count": 28411,
        "Single Construction Time (seconds)": 0.08994030952453613,
        "Overall Construction Time (seconds)": 0.5013813972473145,
        "Height": 33,
        "Average Depth": 14.831490258030543,
        "Insert Comparisons": 417978,
        "Search Comparisons": 318055,
        "Delete Comparisons": 298988,
        "Insertion NEW LIST WORD Times (milliseconds)": 3.814697265625
    },
    "pericles.txt": {
        "Word Count": 20042,
        "Single Construction Time (seconds)": 0.06421232223510742,
        "Overall Construction Time (seconds)": 0.5498104095458984,
        "Height": 25,
        "Average Depth": 13.169849246231156,
        "Insert Comparisons": 307411,
        "Search Comparisons": 201788,
        "Delete Comparisons": 269477,
        "Insertion NEW LIST WORD Times (milliseconds)": 2.86102294921875
    },
    "1henryvi.txt": {
        "Word Count": 23365,
        "Single Construction Time (seconds)": 0.07238030433654785,
        "Overall Construction Time (seconds)": 0.6093409061431885,
        "Height": 26,
        "Average Depth": 13.313303521520403,
        "Insert Comparisons": 323562,
        "Search Comparisons": 235932,
        "Delete Comparisons": 269370,
        "Insertion NEW LIST WORD Times (milliseconds)": 4.0531158447265625
    },
    "henryv.txt": {
        "Word Count": 27948,
        "Single Construction Time (seconds)": 0.07499241828918457,
        "Overall Construction Time (seconds)": 0.6801519393920898,
        "Height": 31,
        "Average Depth": 14.328887830435818,
        "Insert Comparisons": 366419,
        "Search Comparisons": 288214,
        "Delete Comparisons": 275866,
        "Insertion NEW LIST WORD Times (milliseconds)": 3.0994415283203125
    },
    "taming_shrew.txt": {
        "Word Count": 22559,
        "Single Construction Time (seconds)": 0.055373191833496094,
        "Overall Construction Time (seconds)": 0.7348194122314453,
        "Height": 26,
        "Average Depth": 13.146267652992602,
        "Insert Comparisons": 305233,
        "Search Comparisons": 215021,
        "Delete Comparisons": 263662,
        "Insertion NEW LIST WORD Times (milliseconds)": 3.814697265625
    },
    "timon.txt": {
        "Word Count": 20152,
        "Single Construction Time (seconds)": 0.05228590965270996,
        "Overall Construction Time (seconds)": 0.7845385074615479,
        "Height": 27,
        "Average Depth": 13.917989417989418,
        "Insert Comparisons": 310532,
        "Search Comparisons": 203839,
        "Delete Comparisons": 272006,
        "Insertion NEW LIST WORD Times (milliseconds)": 3.0994415283203125
    },
    "merry_wives.txt": {
        "Word Count": 24134,
        "Single Construction Time (seconds)": 0.06033754348754883,
        "Overall Construction Time (seconds)": 0.8457672595977783,
        "Height": 28,
        "Average Depth": 13.954802259887005,
        "Insert Comparisons": 330135,
        "Search Comparisons": 234820,
        "Delete Comparisons": 273990,
        "Insertion NEW LIST WORD Times (milliseconds)": 4.0531158447265625
    },
    "othello.txt": {
        "Word Count": 28534,
        "Single Construction Time (seconds)": 0.07225632667541504,
        "Overall Construction Time (seconds)": 0.9161455631256104,
        "Height": 27,
        "Average Depth": 13.885231825987407,
        "Insert Comparisons": 341839,
        "Search Comparisons": 276639,
        "Delete Comparisons": 262285,
        "Insertion NEW LIST WORD Times (milliseconds)": 3.814697265625
    },
    "john.txt": {
        "Word Count": 22182,
        "Single Construction Time (seconds)": 0.060211181640625,
        "Overall Construction Time (seconds)": 0.9719188213348389,
        "Height": 28,
        "Average Depth": 14.006711409395972,
        "Insert Comparisons": 329233,
        "Search Comparisons": 223949,
        "Delete Comparisons": 278590,
        "Insertion NEW LIST WORD Times (milliseconds)": 4.291534423828125
    },
    "richardii.txt": {
        "Word Count": 24392,
        "Single Construction Time (seconds)": 0.06255221366882324,
        "Overall Construction Time (seconds)": 1.0322341918945312,
        "Height": 27,
        "Average Depth": 13.589583333333334,
        "Insert Comparisons": 319782,
        "Search Comparisons": 239900,
        "Delete Comparisons": 262645,
        "Insertion NEW LIST WORD Times (milliseconds)": 4.0531158447265625
    },
    "cleopatra.txt": {
        "Word Count": 27638,
        "Single Construction Time (seconds)": 0.07793188095092773,
        "Overall Construction Time (seconds)": 1.102855920791626,
        "Height": 29,
        "Average Depth": 13.830943188086046,
        "Insert Comparisons": 382901,
        "Search Comparisons": 296453,
        "Delete Comparisons": 284515,