{
    "henryviii.txt": {
        "Word Count": 26548,
        "Single Construction Time (seconds)": 0.0686490535736084,
        "Overall Construction Time (seconds)": 0.06664538383483887,
        "Height": 27,
        "Average Depth": 13.921170498656315,
        "Insert Comparisons": 341261,
        "Search Comparisons": 265672,
        "Delete Comparisons": 442136,
        "Insertion NEW LIST WORD Times (milliseconds)": 3.814697265625,
        "Total Deletion Time (seconds)": 0.06326651573181152
    },
    "twelfth_night.txt": {
        "Word Count": 21856,
        "Single Construction Time (seconds)": 0.05843043327331543,
        "Overall Construction Time (seconds)": 0.13364410400390625,
        "Height": 32,
        "Average Depth": 13.97241620111732,
        "Insert Comparisons": 328240,
        "Search Comparisons": 221785,
        "Delete Comparisons": 455900,
        "Insertion NEW LIST WORD Times (milliseconds)": 4.0531158447265625,
        "Total Deletion Time (seconds)": 0.07546782493591309
    },
    "julius_caesar.txt": {
        "Word Count": 21167,
        "Single Construction Time (seconds)": 0.05521988868713379,
        "Overall Construction Time (seconds)": 0.18937301635742188,
        "Height": 27,
        "Average Depth": 13.317220543806647,
        "Insert Comparisons": 312104,
        "Search Comparisons": 208354,
        "Delete Comparisons": 451142,
        "Insertion NEW LIST WORD Times (milliseconds)": 2.86102294921875,
        "Total Deletion Time (seconds)": 0.07873725891113281
    },
    "3henryvi.txt": {
        "Word Count": 26523,
        "Single Construction Time (seconds)": 0.07474017143249512,
        "Overall Construction Time (seconds)": 0.2606046199798584,
        "Height": 30,
        "Average Depth": 14.133657351154314,
        "Insert Comparisons": 365843,
        "Search Comparisons": 280464,
        "Delete Comparisons": 463897,
        "Insertion NEW LIST WORD Times (milliseconds)": 4.0531158447265625,
        "Total Deletion Time (seconds)": 0.07019257545471191
    },
    "tempest.txt": {
        "Word Count": 17908,
        "Single Construction Time (seconds)": 0.048923492431640625,
        "Overall Construction Time (seconds)": 0.3083951473236084,
        "Height": 28,
        "Average Depth": 13.756682659355723,
        "Insert Comparisons": 297098,
        "Search Comparisons": 180267,
        "Delete Comparisons": 453039,
        "Insertion NEW LIST WORD Times (milliseconds)": 4.76837158203125,
        "Total Deletion Time (seconds)": 0.07740068435668945
    },
    "cymbeline.txt": {
        "Word Count": 29789,
        "Single Construction Time (seconds)": 0.07783699035644531,
        "Overall Construction Time (seconds)": 0.3874063491821289,
        "Height": 27,
        "Average Depth": 13.23771546179573,
        "Insert Comparisons": 353855,
        "Search Comparisons": 290585,
        "Delete Comparisons": 443034,
        "Insertion NEW LIST WORD Times (milliseconds)": 3.814697265625,
        "Total Deletion Time (seconds)": 0.06404495239257812
    },
    "coriolanus.txt": {
        "Word Count": 29919,
        "Single Construction Time (seconds)": 0.09124922752380371,
        "Overall Construction Time (seconds)": 0.46546244621276855,
        "Height": 26,
        "Average Depth": 13.271698113207547,
        "Insert Comparisons": 339906,
        "Search Comparisons": 282753,
        "Delete Comparisons": 437225,
        "Insertion NEW LIST WORD Times (milliseconds)": 3.0994415283203125,
        "Total Deletion Time (seconds)": 0.07634282112121582
    },
    "2henryiv.txt": {
        "Word Count": 28411,
        "Single Construction Time (seconds)": 0.08072233200073242,
        "Overall Construction Time (seconds)": 0.5391943454742432,
        "Height": 33,
        "Average Depth": 14.831490258030543,
        "Insert Comparisons": 417978,
        "Search Comparisons": 318055,
        "Delete Comparisons": 507428,
        "Insertion NEW LIST WORD Times (milliseconds)": 4.0531158447265625,
        "Total Deletion Time (seconds)": 0.085601806640625
    },
    "pericles.txt": {
        "Word Count": 20042,
        "Single Construction Time (seconds)": 0.05343198776245117,
        "Overall Construction Time (seconds)": 0.5912017822265625,
        "Height": 25,
        "Average Depth": 13.169849246231156,
        "Insert Comparisons": 307411,
        "Search Comparisons": 201788,
        "Delete Comparisons": 447412,
        "Insertion NEW LIST WORD Times (milliseconds)": 2.86102294921875,
        "Total Deletion Time (seconds)": 0.06512188911437988
    },
    "1henryvi.txt": {
        "Word Count": 23365,
        "Single Construction Time (seconds)": 0.06408166885375977,
        "Overall Construction Time (seconds)": 0.6549997329711914,
        "Height": 26,
        "Average Depth": 13.313303521520403,
        "Insert Comparisons": 323562,
        "Search Comparisons": 235932,
        "Delete Comparisons": 447869,
        "Insertion NEW LIST WORD Times (milliseconds)": 3.814697265625,
        "Total Deletion Time (seconds)": 0.07989501953125
    },
    "henryv.txt": {
        "Word Count": 27948,
        "Single Construction Time (seconds)": 0.07665038108825684,
        "Overall Construction Time (seconds)": 0.72928786277771,
        "Height": 31,
        "Average Depth": 14.328887830435818,
        "Insert Comparisons": 366419,
        "Search Comparisons": 288214,
        "Delete Comparisons": 462504,
        "Insertion NEW LIST WORD Times (milliseconds)": 3.814697265625,
        "Total Deletion Time (seconds)": 0.06645917892456055
    },
    "taming_shrew.txt": {
        "Word Count": 22559,
        "Single Construction Time (seconds)": 0.07579660415649414,
        "Overall Construction Time (seconds)": 0.788313627243042,
        "Height": 26,
        "Average Depth": 13.146267652992602,
        "Insert Comparisons": 305233,
        "Search Comparisons": 215021,
        "Delete Comparisons": 434981,
        "Insertion NEW LIST WORD Times (milliseconds)": 4.291534423828125,
        "Total Deletion Time (seconds)": 0.07708191871643066
    },
    "timon.txt": {
        "Word Count": 20152,
        "Single Construction Time (seconds)": 0.05462646484375,
        "Overall Construction Time (seconds)": 0.8411979675292969,
        "Height": 27,
        "Average Depth": 13.917989417989418,
        "Insert Comparisons": 310532,
        "Search Comparisons": 203839,
        "Delete Comparisons": 451372,
        "Insertion NEW LIST WORD Times (milliseconds)": 3.814697265625,
        "Total Deletion Time (seconds)": 0.0656275749206543
    },
    "merry_wives.txt": {
        "Word Count": 24134,
        "Single Construction Time (seconds)": 0.0640263557434082,
        "Overall Construction Time (seconds)": 0.9263725280761719,
        "Height": 28,
        "Average Depth": 13.954802259887005,
        "Insert Comparisons": 330135,
        "Search Comparisons": 234820,
        "Delete Comparisons": 457797,
        "Insertion NEW LIST WORD Times (milliseconds)": 4.0531158447265625,
        "Total Deletion Time (seconds)": 0.0843210220336914
    },
    "othello.txt": {
        "Word Count": 28534,
        "Single Construction Time (seconds)": 0.07598328590393066,
        "Overall Construction Time (seconds)": 1.0020294189453125,
        "Height": 27,
        "Average Depth": 13.885231825987407,
        "Insert Comparisons": 341839,
        "Search Comparisons": 276639,
        "Delete Comparisons": 433761,
        "Insertion NEW LIST WORD Times (milliseconds)": 2.86102294921875,
        "Total Deletion Time (seconds)": 0.06264877319335938
    },
    "john.txt": {
        "Word Count": 22182,
        "Single Construction Time (seconds)": 0.07985711097717285,
        "Overall Construction Time (seconds)": 1.060014009475708,
        "Height": 28,
        "Average Depth": 14.006711409395972,
        "Insert Comparisons": 329233,
        "Search Comparisons": 223949,
        "Delete Comparisons": 465563,