{
    "henryviii.txt": {
        "Word Count": 26548,
        "Single Construction Time (seconds)": 0.06498908996582031,
        "Overall Construction Time (seconds)": 0.06269574165344238,
        "Height": 27,
        "Average Depth": 13.929126794258373,
        "Insert Comparisons": 377158,
        "Search Comparisons": 265672,
        "Delete Comparisons": 205835,
        "Insertion NEW LIST WORD Times (milliseconds)": 4.76837158203125,
        "Total Deletion Time (seconds)": 0.07397866249084473
    },
    "twelfth_night.txt": {
        "Word Count": 21856,
        "Single Construction Time (seconds)": 0.05520200729370117,
        "Overall Construction Time (seconds)": 0.11472225189208984,
        "Height": 32,
        "Average Depth": 13.960654596100278,
        "Insert Comparisons": 364923,
        "Search Comparisons": 221785,
        "Delete Comparisons": 212118,
        "Insertion NEW LIST WORD Times (milliseconds)": 2.86102294921875,
        "Total Deletion Time (seconds)": 0.0767679214477539
    },
    "julius_caesar.txt": {
        "Word Count": 21167,
        "Single Construction Time (seconds)": 0.0532383918762207,
        "Overall Construction Time (seconds)": 0.16697382926940918,
        "Height": 27,
        "Average Depth": 13.334467120181406,
        "Insert Comparisons": 348939,
        "Search Comparisons": 208354,
        "Delete Comparisons": 209325,
        "Insertion NEW LIST WORD Times (milliseconds)": 5.0067901611328125,
        "Total Deletion Time (seconds)": 0.08324241638183594
    },
    "3henryvi.txt": {
        "Word Count": 26523,
        "Single Construction Time (seconds)": 0.06759858131408691,
        "Overall Construction Time (seconds)": 0.23278260231018066,
        "Height": 30,
        "Average Depth": 14.135397692774742,
        "Insert Comparisons": 403773,
        "Search Comparisons": 280464,
        "Delete Comparisons": 219017,
        "Insertion NEW LIST WORD Times (milliseconds)": 4.0531158447265625,
        "Total Deletion Time (seconds)": 0.0792393684387207
    },
    "tempest.txt": {
        "Word Count": 17908,
        "Single Construction Time (seconds)": 0.04681825637817383,
        "Overall Construction Time (seconds)": 0.2772040367126465,
        "Height": 28,
        "Average Depth": 13.774271012006862,
        "Insert Comparisons": 333877,
        "Search Comparisons": 180267,
        "Delete Comparisons": 211959,
        "Insertion NEW LIST WORD Times (milliseconds)": 5.7220458984375,
        "Total Deletion Time (seconds)": 0.07135987281799316
    },
    "cymbeline.txt": {
        "Word Count": 29789,
        "Single Construction Time (seconds)": 0.08387565612792969,
        "Overall Construction Time (seconds)": 0.35068297386169434,
        "Height": 27,
        "Average Depth": 13.248391248391249,
        "Insert Comparisons": 389819,
        "Search Comparisons": 290585,
        "Delete Comparisons": 207148,
        "Insertion NEW LIST WORD Times (milliseconds)": 4.0531158447265625,
        "Total Deletion Time (seconds)": 0.06974983215332031
    },
    "coriolanus.txt": {
        "Word Count": 29919,
        "Single Construction Time (seconds)": 0.07159996032714844,
        "Overall Construction Time (seconds)": 0.42708325386047363,
        "Height": 26,
        "Average Depth": 13.283212072217731,
        "Insert Comparisons": 375315,
        "Search Comparisons": 282753,
        "Delete Comparisons": 203311,
        "Insertion NEW LIST WORD Times (milliseconds)": 5.0067901611328125,
        "Total Deletion Time (seconds)": 0.07924199104309082
    },
    "2henryiv.txt": {
        "Word Count": 28411,
        "Single Construction Time (seconds)": 0.07908844947814941,
        "Overall Construction Time (seconds)": 0.4975566864013672,
        "Height": 33,
        "Average Depth": 14.841286580543105,
        "Insert Comparisons": 458755,
        "Search Comparisons": 318055,
        "Delete Comparisons": 243954,
        "Insertion NEW LIST WORD Times (milliseconds)": 4.0531158447265625,
        "Total Deletion Time (seconds)": 0.08748698234558105
    },
    "pericles.txt": {
        "Word Count": 20042,
        "Single Construction Time (seconds)": 0.051462650299072266,
        "Overall Construction Time (seconds)": 0.5464317798614502,
        "Height": 25,
        "Average Depth": 13.182061579651942,
        "Insert Comparisons": 344190,
        "Search Comparisons": 201788,
        "Delete Comparisons": 208697,
        "Insertion NEW LIST WORD Times (milliseconds)": 4.76837158203125,
        "Total Deletion Time (seconds)": 0.08160161972045898
    },
    "1henryvi.txt": {
        "Word Count": 23365,
        "Single Construction Time (seconds)": 0.06219053268432617,
        "Overall Construction Time (seconds)": 0.6073296070098877,
        "Height": 26,
        "Average Depth": 13.329128118867395,
        "Insert Comparisons": 359757,
        "Search Comparisons": 235932,
        "Delete Comparisons": 209206,
        "Insertion NEW LIST WORD Times (milliseconds)": 5.0067901611328125,
        "Total Deletion Time (seconds)": 0.08203363418579102
    },
    "henryv.txt": {
        "Word Count": 27948,
        "Single Construction Time (seconds)": 0.0737149715423584,
        "Overall Construction Time (seconds)": 0.6770026683807373,
        "Height": 31,
        "Average Depth": 14.350717703349282,
        "Insert Comparisons": 404223,
        "Search Comparisons": 288214,
        "Delete Comparisons": 220038,
        "Insertion NEW LIST WORD Times (milliseconds)": 4.0531158447265625,
        "Total Deletion Time (seconds)": 0.08646464347839355
    },
    "taming_shrew.txt": {
        "Word Count": 22559,
        "Single Construction Time (seconds)": 0.0563511848449707,
        "Overall Construction Time (seconds)": 0.7333896160125732,
        "Height": 26,
        "Average Depth": 13.148185483870968,
        "Insert Comparisons": 341254,
        "Search Comparisons": 215021,
        "Delete Comparisons": 200679,
        "Insertion NEW LIST WORD Times (milliseconds)": 3.814697265625,
        "Total Deletion Time (seconds)": 0.07997322082519531
    },
    "timon.txt": {
        "Word Count": 20152,
        "Single Construction Time (seconds)": 0.053214073181152344,
        "Overall Construction Time (seconds)": 0.7840673923492432,
        "Height": 27,
        "Average Depth": 13.923255044657624,
        "Insert Comparisons": 347833,
        "Search Comparisons": 203839,
        "Delete Comparisons": 210884,
        "Insertion NEW LIST WORD Times (milliseconds)": 5.0067901611328125,
        "Total Deletion Time (seconds)": 0.07117438316345215
    },
    "merry_wives.txt": {
        "Word Count": 24134,
        "Single Construction Time (seconds)": 0.0723259449005127,
        "Overall Construction Time (seconds)": 0.8446731567382812,
        "Height": 28,
        "Average Depth": 13.964964964964965,
        "Insert Comparisons": 366749,
        "Search Comparisons": 234820,
        "Delete Comparisons": 215401,
        "Insertion NEW LIST WORD Times (milliseconds)": 4.291534423828125,
        "Total Deletion Time (seconds)": 0.07274150848388672
    },
    "othello.txt": {
        "Word Count": 28534,
        "Single Construction Time (seconds)": 0.07076287269592285,
        "Overall Construction Time (seconds)": 0.9166989326477051,
        "Height": 27,
        "Average Depth": 13.884406294706723,
        "Insert Comparisons": 376250,
        "Search Comparisons": 276639,
        "Delete Comparisons": 201063,
        "Insertion NEW LIST WORD Times (milliseconds)": 4.0531158447265625,
        "Total Deletion Time (seconds)": 0.06891417503356934
    },
    "john.txt": {
        "Word Count": 22182,
        "Single Construction Time (seconds)": 0.07178235054016113,
        "Overall Construction Time (seconds)": 0.9729998111724854,
        "Height": 28,
        "Average Depth": 14.020839718050873,
        "Insert Comparisons": 366707,
        "Search Comparisons": 223949,