{
    "henryviii.txt": {
        "Word Count": 26548,
        "Single Construction Time (seconds)": 0.06383132934570312,
        "Overall Construction Time (seconds)": 0.06303858757019043,
        "Height": 27,
        "Average Depth": 13.929126794258373,
        "Insert Comparisons": 377158,
        "Search Comparisons": 265672,
        "Delete Comparisons": 526251,
        "Insertion NEW LIST WORD Times (milliseconds)": 4.0531158447265625,
        "Total Deletion Time (seconds)": 0.07669997215270996
    },
    "twelfth_night.txt": {
        "Word Count": 21856,
        "Single Construction Time (seconds)": 0.05467963218688965,
        "Overall Construction Time (seconds)": 0.11422896385192871,
        "Height": 32,
        "Average Depth": 13.960654596100278,
        "Insert Comparisons": 364923,
        "Search Comparisons": 221785,
        "Delete Comparisons": 540309,
        "Insertion NEW LIST WORD Times (milliseconds)": 3.0994415283203125,
        "Total Deletion Time (seconds)": 0.07892560958862305
    },
    "julius_caesar.txt": {
        "Word Count": 21167,
        "Single Construction Time (seconds)": 0.0512239933013916,
        "Overall Construction Time (seconds)": 0.1660306453704834,
        "Height": 27,
        "Average Depth": 13.334467120181406,
        "Insert Comparisons": 348939,
        "Search Comparisons": 208354,
        "Delete Comparisons": 535844,
        "Insertion NEW LIST WORD Times (milliseconds)": 4.76837158203125,
        "Total Deletion Time (seconds)": 0.0781247615814209
    },
    "3henryvi.txt": {
        "Word Count": 26523,
        "Single Construction Time (seconds)": 0.06768488883972168,
        "Overall Construction Time (seconds)": 0.23026156425476074,
        "Height": 30,
        "Average Depth": 14.135397692774742,
        "Insert Comparisons": 403773,
        "Search Comparisons": 280464,
        "Delete Comparisons": 551733,
        "Insertion NEW LIST WORD Times (milliseconds)": 5.0067901611328125,
        "Total Deletion Time (seconds)": 0.07873249053955078
    },
    "tempest.txt": {
        "Word Count": 17908,
        "Single Construction Time (seconds)": 0.04595541954040527,
        "Overall Construction Time (seconds)": 0.2741103172302246,
        "Height": 28,
        "Average Depth": 13.774271012006862,
        "Insert Comparisons": 333877,
        "Search Comparisons": 180267,
        "Delete Comparisons": 538444,
        "Insertion NEW LIST WORD Times (milliseconds)": 4.76837158203125,
        "Total Deletion Time (seconds)": 0.0702672004699707
    },
    "cymbeline.txt": {
        "Word Count": 29789,
        "Single Construction Time (seconds)": 0.0836331844329834,
        "Overall Construction Time (seconds)": 0.3460078239440918,
        "Height": 27,
        "Average Depth": 13.248391248391249,
        "Insert Comparisons": 389819,
        "Search Comparisons": 290585,
        "Delete Comparisons": 527321,
        "Insertion NEW LIST WORD Times (milliseconds)": 5.0067901611328125,
        "Total Deletion Time (seconds)": 0.06926679611206055
    },
    "coriolanus.txt": {
        "Word Count": 29919,
        "Single Construction Time (seconds)": 0.07047224044799805,
        "Overall Construction Time (seconds)": 0.41863584518432617,
        "Height": 26,
        "Average Depth": 13.283212072217731,
        "Insert Comparisons": 375315,
        "Search Comparisons": 282753,
        "Delete Comparisons": 519811,
        "Insertion NEW LIST WORD Times (milliseconds)": 4.76837158203125,
        "Total Deletion Time (seconds)": 0.07847261428833008
    },
    "2henryiv.txt": {
        "Word Count": 28411,
        "Single Construction Time (seconds)": 0.07554507255554199,
        "Overall Construction Time (seconds)": 0.4872763156890869,
        "Height": 33,
        "Average Depth": 14.841286580543105,
        "Insert Comparisons": 458755,
        "Search Comparisons": 318055,
        "Delete Comparisons": 601183,
        "Insertion NEW LIST WORD Times (milliseconds)": 3.814697265625,
        "Total Deletion Time (seconds)": 0.0873262882232666
    },
    "pericles.txt": {
        "Word Count": 20042,
        "Single Construction Time (seconds)": 0.050321102142333984,
        "Overall Construction Time (seconds)": 0.5349900722503662,
        "Height": 25,
        "Average Depth": 13.182061579651942,
        "Insert Comparisons": 344190,
        "Search Comparisons": 201788,
        "Delete Comparisons": 532434,
        "Insertion NEW LIST WORD Times (milliseconds)": 5.0067901611328125,
        "Total Deletion Time (seconds)": 0.08081865310668945
    },
    "1henryvi.txt": {
        "Word Count": 23365,
        "Single Construction Time (seconds)": 0.05829262733459473,
        "Overall Construction Time (seconds)": 0.5937213897705078,
        "Height": 26,
        "Average Depth": 13.329128118867395,
        "Insert Comparisons": 359757,
        "Search Comparisons": 235932,
        "Delete Comparisons": 532218,
        "Insertion NEW LIST WORD Times (milliseconds)": 5.0067901611328125,
        "Total Deletion Time (seconds)": 0.0815424919128418
    },
    "henryv.txt": {
        "Word Count": 27948,
        "Single Construction Time (seconds)": 0.07135605812072754,
        "Overall Construction Time (seconds)": 0.6608753204345703,
        "Height": 31,
        "Average Depth": 14.350717703349282,
        "Insert Comparisons": 404223,
        "Search Comparisons": 288214,
        "Delete Comparisons": 551200,
        "Insertion NEW LIST WORD Times (milliseconds)": 5.245208740234375,
        "Total Deletion Time (seconds)": 0.08826065063476562
    },
    "taming_shrew.txt": {
        "Word Count": 22559,
        "Single Construction Time (seconds)": 0.054930925369262695,
        "Overall Construction Time (seconds)": 0.7164273262023926,
        "Height": 26,
        "Average Depth": 13.148185483870968,
        "Insert Comparisons": 341254,
        "Search Comparisons": 215021,
        "Delete Comparisons": 517842,
        "Insertion NEW LIST WORD Times (milliseconds)": 5.245208740234375,
        "Total Deletion Time (seconds)": 0.08291292190551758
    },
    "timon.txt": {
        "Word Count": 20152,
        "Single Construction Time (seconds)": 0.05164957046508789,
        "Overall Construction Time (seconds)": 0.765918493270874,
        "Height": 27,
        "Average Depth": 13.923255044657624,
        "Insert Comparisons": 347833,
        "Search Comparisons": 203839,
        "Delete Comparisons": 537660,
        "Insertion NEW LIST WORD Times (milliseconds)": 5.7220458984375,
        "Total Deletion Time (seconds)": 0.07002806663513184
    },
    "merry_wives.txt": {
        "Word Count": 24134,
        "Single Construction Time (seconds)": 0.07483696937561035,
        "Overall Construction Time (seconds)": 0.8250119686126709,
        "Height": 28,
        "Average Depth": 13.964964964964965,
        "Insert Comparisons": 366749,
        "Search Comparisons": 234820,
        "Delete Comparisons": 543464,
        "Insertion NEW LIST WORD Times (milliseconds)": 5.245208740234375,
        "Total Deletion Time (seconds)": 0.07070279121398926
    },
    "othello.txt": {
        "Word Count": 28534,
        "Single Construction Time (seconds)": 0.07129645347595215,
        "Overall Construction Time (seconds)": 0.8958942890167236,
        "Height": 27,
        "Average Depth": 13.884406294706723,
        "Insert Comparisons": 376250,
        "Search Comparisons": 276639,
        "Delete Comparisons": 515250,
        "Insertion NEW LIST WORD Times (milliseconds)": 4.0531158447265625,
        "Total Deletion Time (seconds)": 0.06857728958129883
    },
    "john.txt": {
        "Word Count": 22182,
        "Single Construction Time (seconds)": 0.07277154922485352,
        "Overall Construction Time (seconds)": 0.9503099918365479,
        "Height": 28,
        "Average Depth": 14.020839718050873,
        "Insert Comparisons": 366707,
        "Search Comparisons": 223949,