{
    "henryviii.txt": {
        "Word Count": 26548,
        "Construction Time (seconds)": 0.1297919750213623,
        "Height": 27,
        "Average Depth": 13.658036984352774,
        "Insert Comparisons": 155983,
        "Search Comparisons": 265672
    },
    "twelfth_night.txt": {
        "Word Count": 21856,
        "Construction Time (seconds)": 0.10821413993835449,
        "Height": 32,
        "Average Depth": 13.66039603960396,
        "Insert Comparisons": 135988,
        "Search Comparisons": 221785
    },
    "julius_caesar.txt": {
        "Word Count": 21167,
        "Construction Time (seconds)": 0.11304283142089844,
        "Height": 27,
        "Average Depth": 13.05513784461153,
        "Insert Comparisons": 121646,
        "Search Comparisons": 208354
    },
    "3henryvi.txt": {
        "Word Count": 26523,
        "Construction Time (seconds)": 0.13135004043579102,
        "Height": 30,
        "Average Depth": 13.892111368909513,
        "Insert Comparisons": 170301,
        "Search Comparisons": 280464
    },
    "tempest.txt": {
        "Word Count": 17908,
        "Construction Time (seconds)": 0.09020113945007324,
        "Height": 28,
        "Average Depth": 13.461413748378728,
        "Insert Comparisons": 106641,
        "Search Comparisons": 180267
    },
    "cymbeline.txt": {
        "Word Count": 29789,
        "Construction Time (seconds)": 0.1481919288635254,
        "Height": 27,
        "Average Depth": 13.024895242790238,
        "Insert Comparisons": 168902,
        "Search Comparisons": 290585
    },
    "coriolanus.txt": {
        "Word Count": 29919,
        "Construction Time (seconds)": 0.15074372291564941,
        "Height": 26,
        "Average Depth": 13.049446304403812,
        "Insert Comparisons": 158081,
        "Search Comparisons": 282753
    },
    "2henryiv.txt": {
        "Word Count": 28411,
        "Construction Time (seconds)": 0.1474618911743164,
        "Height": 33,
        "Average Depth": 14.614181175876862,
        "Insert Comparisons": 200779,
        "Search Comparisons": 318055
    },
    "pericles.txt": {
        "Word Count": 20042,
        "Construction Time (seconds)": 0.09994697570800781,
        "Height": 25,
        "Average Depth": 12.923664122137405,
        "Insert Comparisons": 119713,
        "Search Comparisons": 201788
    },
    "1henryvi.txt": {
        "Word Count": 23365,
        "Construction Time (seconds)": 0.11845517158508301,
        "Height": 26,
        "Average Depth": 13.106577181208054,
        "Insert Comparisons": 135979,
        "Search Comparisons": 235932
    },
    "henryv.txt": {
        "Word Count": 27948,
        "Construction Time (seconds)": 0.15041089057922363,
        "Height": 31,
        "Average Depth": 14.083769633507853,
        "Insert Comparisons": 172335,
        "Search Comparisons": 288214
    },
    "taming_shrew.txt": {
        "Word Count": 22559,
        "Construction Time (seconds)": 0.10843300819396973,
        "Height": 26,
        "Average Depth": 12.849476024134646,
        "Insert Comparisons": 123344,
        "Search Comparisons": 215021
    },
    "timon.txt": {
        "Word Count": 20152,
        "Construction Time (seconds)": 0.10103607177734375,
        "Height": 27,
        "Average Depth": 13.633511139002197,
        "Insert Comparisons": 120298,
        "Search Comparisons": 203839
    },
    "merry_wives.txt": {
        "Word Count": 24134,
        "Construction Time (seconds)": 0.11776995658874512,
        "Height": 28,
        "Average Depth": 13.621706398996237,
        "Insert Comparisons": 137931,
        "Search Comparisons": 234820
    },
    "othello.txt": {
        "Word Count": 28534,
        "Construction Time (seconds)": 0.15115809440612793,
        "Height": 27,
        "Average Depth": 13.614461118690313,
        "Insert Comparisons": 161324,
        "Search Comparisons": 276639
    },
    "john.txt": {
        "Word Count": 22182,
        "Construction Time (seconds)": 0.11107301712036133,
        "Height": 28,
        "Average Depth": 13.75821937736398,
        "Insert Comparisons": 132392,
        "Search Comparisons": 223949
    },
    "richardii.txt": {
        "Word Count": 24392,
        "Construction Time (seconds)": 0.11895298957824707,
        "Height": 27,
        "Average Depth": 13.341019072018218,
        "Insert Comparisons": 138922,
        "Search Comparisons": 239900
    },
    "cleopatra.txt": {
        "Word Count": 27638,
        "Construction Time (seconds)": 0.14323878288269043,
        "Height": 29,
        "Average Depth": 13.62585933368588,
        "Insert Comparisons": 180173,
        "Search Comparisons": 296453
    },
    "two_gentlemen.txt": {
        "Word Count": 18579,
        "Construction Time (seconds)": 0.09115815162658691,
        "Height": 26,
        "Average Depth": 12.998862774829416,
        "Insert Comparisons": 108233,
        "Search Comparisons": 183394
    },
    "midsummer.txt": {
        "Word Count": 17479,
        "Construction Time (seconds)": 0.10112214088439941,
        "Height": 26,
        "Average Depth": 12.83321894303363,
        "Insert Comparisons": 107246,
        "Search Comparisons": 178541
    },
    "winters_tale.txt": {
        "Word Count": 26653,
        "Construction Time (seconds)": 0.13201594352722168,
        "Height": 29,
        "Average Depth": 14.050888529886914,
        "Insert Comparisons": 174015,
        "Search Comparisons": 281703
    },
    "titus.txt": {
        "Word Count": 22185,
        "Construction Time (seconds)": 0.11223411560058594,
        "Height": 27,
        "Average Depth": 13.763157894736842,
        "Insert Comparisons": 136994,
        "Search Comparisons": 229505
    },
    "measure.txt": {
        "Word Count": 23569,
        "Construction Time (seconds)": 0.11292004585266113,
        "Height": 25,
        "Average Depth": 12.241251161350263,
        "Insert Comparisons": 118443,
        "Search Comparisons": 215329
    },
    "lear.txt": {
        "Word Count": 28447,
        "Construction Time (seconds)": 0.15335416793823242,
        "Height": 27,
        "Average Depth": 13.476166708260545,
        "Insert Comparisons": 171701,
        "Search Comparisons": 287742
    },
    "richardiii.txt": {
        "Word Count": 32065,
        "Construction Time (seconds)": 0.15860581398010254,
        "Height": 26,
        "Average Depth": 13.318788501026694,
        "Insert Comparisons": 181997,
        "Search Comparisons": 315937
    },
    "lll.txt": {
        "Word Count": 23407,
        "Construction Time (seconds)": 0.1165623664855957,
        "Height": 34,
        "Average Depth": 12.868847951608469,
        "Insert Comparisons": 131411,
        "Search Comparisons": 228222
    },
    "2henryvi.txt": {
        "Word Count": 27370,
        "Construction Time (seconds)": 0.1420578956604004,
        "Height": 33,
        "Average Depth": 14.987039390088945,
        "Insert Comparisons": 198292,
        "Search Comparisons": 311880
    },
    "asyoulikeit.txt": {
        "Word Count": 23149,
        "Construction Time (seconds)": 0.13127803802490234,
        "Height": 29,
        "Average Depth": 14.226498422712934,
        "Insert Comparisons": 155076,
        "Search Comparisons": 247918
    },
    "1henryiv.txt": {
        "Word Count": 26588,
        "Construction Time (seconds)": 0.1288769245147705,
        "Height": 28,
        "Average Depth": 13.159548751007252,
        "Insert Comparisons": 155177,
        "Search Comparisons": 262994
    },
    "allswell.txt": {
        "Word Count": 24872,
        "Construction Time (seconds)": 0.1233060359954834,
        "Height": 28,
        "Average Depth": 13.471959858323494,
        "Insert Comparisons": 152881,
        "Search Comparisons": 253033
    },
    "much_ado.txt": {
        "Word Count": 22838,
        "Construction Time (seconds)": 0.11113595962524414,
        "Height": 27,
        "Average Depth": 13.063639490884073,