{
    "henryviii.txt": {
        "Word Count": 26548,
        "Construction Time (seconds)": 0.1387310028076172,
        "Height": 27,
        "Average Depth": 13.921170498656315,
        "Insert Comparisons": 341261,
        "Search Comparisons": 265672,
        "Delete Comparisons": 267050,
        "Insertion NEW LIST WORD Times (milliseconds)": 4.0531158447265625
    },
    "twelfth_night.txt": {
        "Word Count": 21856,
        "Construction Time (seconds)": 0.11610794067382812,
        "Height": 32,
        "Average Depth": 13.97241620111732,
        "Insert Comparisons": 328240,
        "Search Comparisons": 221785,
        "Delete Comparisons": 274035,
        "Insertion NEW LIST WORD Times (milliseconds)": 3.814697265625
    },
    "julius_caesar.txt": {
        "Word Count": 21167,
        "Construction Time (seconds)": 0.11201167106628418,
        "Height": 27,
        "Average Depth": 13.317220543806647,
        "Insert Comparisons": 312104,
        "Search Comparisons": 208354,
        "Delete Comparisons": 272247,
        "Insertion NEW LIST WORD Times (milliseconds)": 4.0531158447265625
    },
    "3henryvi.txt": {
        "Word Count": 26523,
        "Construction Time (seconds)": 0.1466507911682129,
        "Height": 30,
        "Average Depth": 14.133657351154314,
        "Insert Comparisons": 365843,
        "Search Comparisons": 280464,
        "Delete Comparisons": 277306,
        "Insertion NEW LIST WORD Times (milliseconds)": 3.814697265625
    },
    "tempest.txt": {
        "Word Count": 17908,
        "Construction Time (seconds)": 0.09824991226196289,
        "Height": 28,
        "Average Depth": 13.756682659355723,
        "Insert Comparisons": 297098,
        "Search Comparisons": 180267,
        "Delete Comparisons": 272235,
        "Insertion NEW LIST WORD Times (milliseconds)": 4.76837158203125
    },
    "cymbeline.txt": {
        "Word Count": 29789,
        "Construction Time (seconds)": 0.15598702430725098,
        "Height": 27,
        "Average Depth": 13.23771546179573,
        "Insert Comparisons": 353855,
        "Search Comparisons": 290585,
        "Delete Comparisons": 266746,
        "Insertion NEW LIST WORD Times (milliseconds)": 3.814697265625
    },
    "coriolanus.txt": {
        "Word Count": 29919,
        "Construction Time (seconds)": 0.15302300453186035,
        "Height": 26,
        "Average Depth": 13.271698113207547,
        "Insert Comparisons": 339906,
        "Search Comparisons": 282753,
        "Delete Comparisons": 263610,
        "Insertion NEW LIST WORD Times (milliseconds)": 4.0531158447265625
    },
    "2henryiv.txt": {
        "Word Count": 28411,
        "Construction Time (seconds)": 0.172713041305542,
        "Height": 33,
        "Average Depth": 14.831490258030543,
        "Insert Comparisons": 417978,
        "Search Comparisons": 318055,
        "Delete Comparisons": 298988,
        "Insertion NEW LIST WORD Times (milliseconds)": 4.0531158447265625
    },
    "pericles.txt": {
        "Word Count": 20042,
        "Construction Time (seconds)": 0.12346005439758301,
        "Height": 25,
        "Average Depth": 13.169849246231156,
        "Insert Comparisons": 307411,
        "Search Comparisons": 201788,
        "Delete Comparisons": 269477,
        "Insertion NEW LIST WORD Times (milliseconds)": 3.0994415283203125
    },
    "1henryvi.txt": {
        "Word Count": 23365,
        "Construction Time (seconds)": 0.1504499912261963,
        "Height": 26,
        "Average Depth": 13.313303521520403,
        "Insert Comparisons": 323562,
        "Search Comparisons": 235932,
        "Delete Comparisons": 269370,
        "Insertion NEW LIST WORD Times (milliseconds)": 4.0531158447265625
    },
    "henryv.txt": {
        "Word Count": 27948,
        "Construction Time (seconds)": 0.16956782341003418,
        "Height": 31,
        "Average Depth": 14.328887830435818,
        "Insert Comparisons": 366419,
        "Search Comparisons": 288214,
        "Delete Comparisons": 275866,
        "Insertion NEW LIST WORD Times (milliseconds)": 3.0994415283203125
    },
    "taming_shrew.txt": {
        "Word Count": 22559,
        "Construction Time (seconds)": 0.1184079647064209,
        "Height": 26,
        "Average Depth": 13.146267652992602,
        "Insert Comparisons": 305233,
        "Search Comparisons": 215021,
        "Delete Comparisons": 263662,
        "Insertion NEW LIST WORD Times (milliseconds)": 3.0994415283203125
    },
    "timon.txt": {
        "Word Count": 20152,
        "Construction Time (seconds)": 0.11659073829650879,
        "Height": 27,
        "Average Depth": 13.917989417989418,
        "Insert Comparisons": 310532,
        "Search Comparisons": 203839,
        "Delete Comparisons": 272006,
        "Insertion NEW LIST WORD Times (milliseconds)": 4.0531158447265625
    },
    "merry_wives.txt": {
        "Word Count": 24134,
        "Construction Time (seconds)": 0.1306009292602539,
        "Height": 28,
        "Average Depth": 13.954802259887005,
        "Insert Comparisons": 330135,
        "Search Comparisons": 234820,
        "Delete Comparisons": 273990,
        "Insertion NEW LIST WORD Times (milliseconds)": 4.0531158447265625
    },
    "othello.txt": {
        "Word Count": 28534,
        "Construction Time (seconds)": 0.15227174758911133,
        "Height": 27,
        "Average Depth": 13.885231825987407,
        "Insert Comparisons": 341839,
        "Search Comparisons": 276639,
        "Delete Comparisons": 262285,
        "Insertion NEW LIST WORD Times (milliseconds)": 3.0994415283203125
    },
    "john.txt": {
        "Word Count": 22182,
        "Construction Time (seconds)": 0.12415504455566406,
        "Height": 28,
        "Average Depth": 14.006711409395972,
        "Insert Comparisons": 329233,
        "Search Comparisons": 223949,
        "Delete Comparisons": 278590,
        "Insertion NEW LIST WORD Times (milliseconds)": 4.0531158447265625
    },
    "richardii.txt": {
        "Word Count": 24392,
        "Construction Time (seconds)": 0.13226699829101562,
        "Height": 27,
        "Average Depth": 13.589583333333334,
        "Insert Comparisons": 319782,
        "Search Comparisons": 239900,
        "Delete Comparisons": 262645,
        "Insertion NEW LIST WORD Times (milliseconds)": 3.814697265625
    },
    "cleopatra.txt": {
        "Word Count": 27638,
        "Construction Time (seconds)": 0.15547895431518555,
        "Height": 29,
        "Average Depth": 13.830943188086046,
        "Insert Comparisons": 382901,
        "Search Comparisons": 296453,
        "Delete Comparisons": 284515,
        "Insertion NEW LIST WORD Times (milliseconds)": 4.76837158203125
    },
    "two_gentlemen.txt": {
        "Word Count": 18579,
        "Construction Time (seconds)": 0.09909415245056152,
        "Height": 26,
        "Average Depth": 13.300080450522929,
        "Insert Comparisons": 289778,
        "Search Comparisons": 183394,
        "Delete Comparisons": 263311,
        "Insertion NEW LIST WORD Times (milliseconds)": 4.0531158447265625
    },
    "midsummer.txt": {
        "Word Count": 17479,
        "Construction Time (seconds)": 0.09619617462158203,
        "Height": 26,
        "Average Depth": 13.07603186097031,
        "Insert Comparisons": 299443,
        "Search Comparisons": 178541,
        "Delete Comparisons": 273964,
        "Insertion NEW LIST WORD Times (milliseconds)": 3.814697265625
    },
    "winters_tale.txt": {
        "Word Count": 26653,
        "Construction Time (seconds)": 0.145125150680542,
        "Height": 29,
        "Average Depth": 14.291513955455315,
        "Insert Comparisons": 377734,
        "Search Comparisons": 281703,
        "Delete Comparisons": 285529,
        "Insertion NEW LIST WORD Times (milliseconds)": 5.245208740234375
    },
    "titus.txt": {
        "Word Count": 22185,
        "Construction Time (seconds)": 0.12018609046936035,
        "Height": 27,