{
    "henryviii.txt": {
        "Construction Time (seconds)": 0.06641101837158203,
        "Height": 27,
        "Average Depth": 13.658036984352774
    },
    "twelfth_night.txt": {
        "Construction Time (seconds)": 0.05616474151611328,
        "Height": 32,
        "Average Depth": 13.66039603960396
    },
    "julius_caesar.txt": {
        "Construction Time (seconds)": 0.05204892158508301,
        "Height": 27,
        "Average Depth": 13.05513784461153
    },
    "3henryvi.txt": {
        "Construction Time (seconds)": 0.06880474090576172,
        "Height": 30,
        "Average Depth": 13.892111368909513
    },
    "tempest.txt": {
        "Construction Time (seconds)": 0.05618476867675781,
        "Height": 28,
        "Average Depth": 13.461413748378728
    },
    "cymbeline.txt": {
        "Construction Time (seconds)": 0.07255673408508301,
        "Height": 27,
        "Average Depth": 13.024895242790238
    },
    "coriolanus.txt": {
        "Construction Time (seconds)": 0.07102417945861816,
        "Height": 26,
        "Average Depth": 13.049446304403812
    },
    "2henryiv.txt": {
        "Construction Time (seconds)": 0.07654309272766113,
        "Height": 33,
        "Average Depth": 14.614181175876862
    },
    "pericles.txt": {
        "Construction Time (seconds)": 0.07034802436828613,
        "Height": 25,
        "Average Depth": 12.923664122137405
    },
    "1henryvi.txt": {
        "Construction Time (seconds)": 0.06035780906677246,
        "Height": 26,
        "Average Depth": 13.106577181208054
    },
    "henryv.txt": {
        "Construction Time (seconds)": 0.07160806655883789,
        "Height": 31,
        "Average Depth": 14.083769633507853
    },
    "taming_shrew.txt": {
        "Construction Time (seconds)": 0.05360221862792969,
        "Height": 26,
        "Average Depth": 12.849476024134646
    },
    "timon.txt": {
        "Construction Time (seconds)": 0.05084705352783203,
        "Height": 27,
        "Average Depth": 13.633511139002197
    },
    "merry_wives.txt": {
        "Construction Time (seconds)": 0.0833590030670166,
        "Height": 28,
        "Average Depth": 13.621706398996237
    },
    "othello.txt": {
        "Construction Time (seconds)": 0.06821393966674805,
        "Height": 27,
        "Average Depth": 13.614461118690313
    },
    "john.txt": {
        "Construction Time (seconds)": 0.056249141693115234,
        "Height": 28,
        "Average Depth": 13.75821937736398
    },
    "richardii.txt": {
        "Construction Time (seconds)": 0.060730934143066406,
        "Height": 27,
        "Average Depth": 13.341019072018218
    },
    "cleopatra.txt": {
        "Construction Time (seconds)": 0.07460880279541016,
        "Height": 29,
        "Average Depth": 13.62585933368588
    },
    "two_gentlemen.txt": {
        "Construction Time (seconds)": 0.07532596588134766,
        "Height": 26,
        "Average Depth": 12.998862774829416
    },
    "midsummer.txt": {
        "Construction Time (seconds)": 0.0459139347076416,
        "Height": 26,
        "Average Depth": 12.83321894303363
    },
    "winters_tale.txt": {
        "Construction Time (seconds)": 0.0719308853149414,
        "Height": 29,
        "Average Depth": 14.050888529886914
    },
    "titus.txt": {
        "Construction Time (seconds)": 0.05874204635620117,
        "Height": 27,
        "Average Depth": 13.763157894736842
    },
    "measure.txt": {
        "Construction Time (seconds)": 0.05478620529174805,
        "Height": 25,
        "Average Depth": 12.241251161350263
    },
    "lear.txt": {
        "Construction Time (seconds)": 0.07246804237365723,
        "Height": 27,
        "Average Depth": 13.476166708260545
    },
    "richardiii.txt": {
        "Construction Time (seconds)": 0.11378693580627441,
        "Height": 26,
        "Average Depth": 13.318788501026694
    },
    "lll.txt": {
        "Construction Time (seconds)": 0.0582888126373291,
        "Height": 34,
        "Average Depth": 12.868847951608469
    },
    "2henryvi.txt": {
        "Construction Time (seconds)": 0.07677984237670898,
        "Height": 33,
        "Average Depth": 14.987039390088945
    },
    "asyoulikeit.txt": {
        "Construction Time (seconds)": 0.06246304512023926,
        "Height": 29,
        "Average Depth": 14.226498422712934
    },
    "1henryiv.txt": {
        "Construction Time (seconds)": 0.06535601615905762,
        "Height": 28,
        "Average Depth": 13.159548751007252
    },
    "allswell.txt": {
        "Construction Time (seconds)": 0.06318998336791992,
        "Height": 28,
        "Average Depth": 13.471959858323494
    },
    "much_ado.txt": {
        "Construction Time (seconds)": 0.10047483444213867,
        "Height": 27,
        "Average Depth": 13.063639490884073
    },
    "troilus_cressida.txt": {
        "Construction Time (seconds)": 0.07315802574157715,
        "Height": 28,
        "Average Depth": 13.85967467831998
    },
    "merchant.txt": {
        "Construction Time (seconds)": 0.055715084075927734,
        "Height": 29,
        "Average Depth": 13.368354430379746
    },
    "macbeth.txt": {
        "Construction Time (seconds)": 0.047670841217041016,
        "Height": 27,
        "Average Depth": 13.492197253433208
    },
    "comedy_errors.txt": {
        "Construction Time (seconds)": 0.04034090042114258,
        "Height": 25,
        "Average Depth": 12.78876127973749
    },
    "romeo_juliet.txt": {
        "Construction Time (seconds)": 0.06758332252502441,
        "Height": 27,
        "Average Depth": 13.590973201692524
    },
    "hamlet.txt": {
        "Construction Time (seconds)": 0.08070898056030273,
        "Height": 26,
        "Average Depth": 13.532718489240228
    }
}