{
    "Total Construction Time (seconds)": 2.6675596237182617,
    "Merge Time (seconds)": 1.305387020111084,
    "Total Time (seconds)": 3.9729466438293457,
    "Final Trie Height": 69,
    "Final Trie Average Depth": 37.50411504808109
}