{
    "Total Construction Time (seconds)": 2.4543468952178955,
    "Merge Time (seconds)": 1.2461600303649902,
    "Total Time (seconds)": 3.7005069255828857,
    "Final Trie Height": 69,
    "Final Trie Average Depth": 37.50411504808109
}