{
    "Total Word Count": 905534,
    "Total Construction Time (seconds)": 4.829672336578369,
    "Overall Height": 35,
    "Overall Average Depth": 16.363510352594645
}