{
    "Total Word Count": 905534,
    "Total Construction Time (seconds)": 4.83512806892395,
    "Overall Height": 35,
    "Overall Average Depth": 16.363510352594645
}