{
    "Total Word Count": 905534,
    "Total Construction Time (seconds)": 7.348362922668457,
    "Overall Height": 35,
    "Overall Average Depth": 16.363510352594645
}