{
    "Total Word Count": 905534,
    "Total Construction Time (seconds)": 2.443753242492676,
    "Overall Height": 35,
    "Overall Average Depth": 16.363510352594645
}