{
    "Total Word Count": 905534,
    "Total Construction Time (seconds)": 4.826213836669922,
    "Overall Height": 35,
    "Overall Average Depth": 16.363510352594645
}