{
    "Total Word Count": 905534,
    "Total Construction Time (seconds)": 6.958935737609863,
    "Overall Height": 35,
    "Overall Average Depth": 16.363510352594645
}