{
    "Total Word Count": 905534,
    "Total Construction Time (seconds)": 2.466545343399048,
    "Overall Height": 35,
    "Overall Average Depth": 16.363510352594645
}