{
    "Recherche": [
        5.0067901611328125e-06,
        1.9073486328125e-06,
        4.0531158447265625e-06,
        3.814697265625e-06,
        4.0531158447265625e-06,
        5.245208740234375e-06
    ],
    "ComptageMots": [
        0.00017714500427246094,
        0.0006787776947021484,
        0.0013239383697509766,
        0.005136013031005859,
        0.008850812911987305,
        0.015366077423095703
    ],
    "ListeMots": [
        0.0001938343048095703,
        0.0007891654968261719,
        0.0014410018920898438,
        0.0059909820556640625,
        0.009847640991210938,
        0.017253875732421875
    ],
    "ComptageNil": [
        0.00020503997802734375,
        0.0009109973907470703,
        0.0016438961029052734,
        0.006349802017211914,
        0.010873079299926758,
        0.01812887191772461
    ],
    "Hauteur": [
        0.00017309188842773438,
        0.0007712841033935547,
        0.0013697147369384766,
        0.005403041839599609,
        0.00942087173461914,
        0.015517234802246094
    ],
    "ProfondeurMoyenne": [
        0.0001728534698486328,
        0.0007650852203369141,
        0.001405954360961914,
        0.005531787872314453,
        0.009721040725708008,
        0.016436338424682617
    ],
    "Prefixe": [
        4.0531158447265625e-06,
        5.0067901611328125e-06,
        4.0531158447265625e-06,
        6.9141387939453125e-06,
        6.9141387939453125e-06,
        1.52587890625e-05
    ],
    "Suppression": [
        4.76837158203125e-06,
        5.245208740234375e-06,
        4.76837158203125e-06,
        5.0067901611328125e-06,
        5.7220458984375e-06,
        5.7220458984375e-06
    ]
}